Lemma;Categoria;1830;1831;1832;1833;1834;1835;1836;1837;1838;1839;1840;1841;1842;1843;1844;1845;1846;1847;1848;1849;1850;1851;1852;1853;1854;1855;1856;1857;1858;1859;1860;1861;1862;1863;1864;1865;1866;1867;1868;1869;1870;1871;1872;1873;1874;1875;1876;1877;1878;1879;1880;1881;1882;1883;1884;1885;1886;1887;1888;1889;1890;1891;1892;1893;1894;1895;1896;1897;1898;1899;1900;1901;1902;1903;1904;1905;1906;1907;1908;1909;1910;1911;1912;1913;1914;1915;1916;1917;1918;1919;1920;1921;1922;1923;1924;1925;1926;1927;1928;1929;1930;Totale
abbazia;religious (place);1;0;1;0;1;0;0;1;0;0;0;0;0;0;0;0;0;0;0;0;0;0;0;0;3;1;0;0;0;0;0;0;6;0;2;1;0;0;0;0;1;0;4;5;0;0;0;0;0;0;0;0;0;1;1;6;0;2;0;1;5;0;1;0;0;0;0;0;0;0;5;0;0;0;0;0;0;1;1;0;1;0;0;0;0;0;0;1;4;0;0;2;4;2;0;1;2;0;0;0;0;68
accademia_militare;military (place);0;0;0;0;0;0;0;0;0;0;0;0;0;0;0;0;0;0;0;0;0;0;0;0;0;0;0;0;0;0;0;0;0;0;0;0;0;0;0;0;0;0;0;0;0;2;0;0;0;0;0;0;0;0;0;1;0;0;0;0;0;0;0;0;1;0;1;0;0;0;0;0;0;0;0;0;0;0;0;0;0;0;0;0;0;0;0;0;0;0;0;0;0;0;0;0;0;0;0;0;0;5
accampamento;rural (place);0;0;0;0;4;0;2;0;4;8;2;12;2;2;10;0;0;0;0;2;2;2;0;4;0;8;0;4;0;2;2;4;8;8;14;0;8;2;0;4;0;2;0;2;0;2;2;0;20;14;0;4;0;0;0;0;8;0;4;26;4;0;0;18;0;2;6;0;22;0;4;0;2;0;2;0;8;0;2;0;10;2;0;2;4;0;6;2;4;0;0;6;26;2;0;0;0;4;0;14;8;364
aerodromo;public (place);0;0;0;0;0;0;0;0;0;0;0;0;0;0;0;0;0;0;0;0;0;0;0;0;0;0;0;0;0;0;0;0;0;0;0;0;0;0;0;0;0;0;0;0;0;0;0;0;0;0;0;0;0;0;0;0;0;0;0;0;0;0;0;0;0;0;0;0;0;0;0;0;0;0;0;0;0;0;0;0;0;0;0;0;0;0;0;0;2;0;0;0;0;0;0;0;0;0;0;0;0;2
aerovia;civil (place);0;0;0;0;0;0;0;0;0;0;0;0;0;0;0;0;0;0;0;0;0;0;0;0;0;0;0;0;0;0;0;0;0;0;0;0;0;0;0;0;0;0;0;0;0;0;0;0;0;0;0;0;0;0;0;0;0;0;0;0;0;0;0;0;0;0;0;0;0;0;0;0;0;0;0;0;33;0;0;0;0;0;0;0;0;0;0;0;0;0;0;0;0;0;0;0;0;0;0;0;0;33
affittacamere;commercial (place);0;0;0;0;0;0;0;0;0;0;0;0;0;0;0;0;0;0;0;0;0;0;0;0;0;0;0;0;0;0;0;0;0;0;0;0;0;0;0;0;0;0;0;0;0;0;0;0;0;0;0;0;0;7;1;1;0;1;0;0;0;2;0;0;0;0;0;0;0;0;0;0;0;1;0;0;0;0;1;0;0;0;0;1;0;0;0;0;2;0;2;0;0;0;0;0;0;0;1;2;1;23
albergo;commercial (place);20;7;20;5;5;1;3;15;10;33;0;4;7;3;6;4;3;4;0;18;0;6;12;13;5;37;19;11;16;6;33;30;20;5;18;20;10;13;24;17;17;9;79;7;24;18;17;98;7;14;26;36;6;30;42;49;48;23;28;74;32;37;6;52;11;37;23;23;51;41;19;67;19;40;13;9;22;41;16;23;45;30;38;71;10;28;33;27;79;32;20;42;17;47;12;33;31;61;16;80;33;2502
allevamento;rural (place);0;0;0;0;0;0;0;0;0;0;0;0;0;0;0;0;0;0;0;0;0;0;0;0;0;2;0;0;0;0;0;1;0;0;0;0;0;0;0;0;0;1;3;0;1;1;0;1;0;0;0;0;1;0;8;0;2;1;0;2;1;1;0;0;0;0;2;0;0;0;0;0;0;3;0;1;0;2;0;0;0;0;0;0;0;0;0;0;0;1;0;1;0;1;0;0;1;0;1;0;0;39
altoforno;industrial (place);0;0;0;0;0;0;0;0;0;0;0;0;0;0;0;0;0;0;0;0;0;0;0;0;0;0;0;0;0;0;0;0;0;0;0;0;0;0;0;0;0;0;0;0;0;0;0;0;0;0;0;0;0;0;0;0;0;0;0;0;0;0;0;0;0;0;0;0;0;0;0;0;0;0;0;0;0;0;0;0;0;0;0;0;0;0;0;0;0;0;0;0;1;0;0;0;0;0;0;0;0;1
ambasciata;public (place);1;1;0;3;0;0;6;4;9;1;3;2;2;1;7;3;0;4;0;0;2;4;2;8;1;3;7;7;5;1;2;0;4;4;8;8;9;5;4;1;0;1;5;0;0;8;2;4;1;3;1;6;0;1;2;4;1;1;1;7;2;6;4;3;25;2;5;0;0;5;15;8;23;1;3;2;8;3;4;1;4;7;9;11;0;0;40;0;8;0;5;0;2;2;1;11;3;9;2;1;10;425
ambulatorio;public (place);0;0;0;0;0;0;0;0;0;0;0;0;0;0;0;0;0;0;0;0;0;0;0;0;0;0;0;0;0;0;0;0;0;0;0;0;0;0;0;0;0;0;0;0;0;0;0;0;0;0;0;0;0;0;0;1;0;0;0;1;0;0;0;0;0;3;0;0;0;0;0;0;0;2;0;0;0;0;0;0;0;0;0;0;0;0;1;0;0;0;0;0;0;0;0;0;0;1;0;0;0;9
anfiteatro;public (place);1;0;2;10;0;0;0;4;2;3;0;9;2;3;3;1;1;7;0;0;0;0;1;0;1;0;0;0;2;14;1;3;1;2;3;8;12;2;1;1;4;0;2;0;4;2;2;1;0;0;3;2;0;0;6;4;2;2;2;4;2;1;0;3;2;3;0;2;0;0;2;0;3;4;3;1;6;0;2;0;3;0;3;0;7;1;1;0;0;1;1;0;2;0;0;0;0;0;2;0;2;197
apiario;rural (place);0;0;0;0;0;0;0;0;0;0;0;0;0;0;0;0;0;0;0;0;0;0;0;0;0;0;0;0;0;0;0;0;0;0;0;0;0;0;0;0;0;0;0;0;0;0;0;0;0;0;0;0;0;0;0;0;0;0;0;0;0;0;0;0;0;0;0;0;0;0;0;0;0;0;0;0;0;1;0;0;0;0;0;0;0;0;0;0;0;0;0;0;0;0;0;0;0;0;0;0;0;1
appartamento;civil (place);13;2;6;2;0;0;11;16;15;5;4;2;6;12;29;14;12;5;1;2;18;2;19;12;0;24;3;18;24;10;11;3;27;9;8;12;7;10;26;28;7;9;29;13;27;1;7;52;24;6;12;48;7;5;27;7;11;5;6;28;19;41;2;10;25;16;18;4;9;13;14;48;43;11;15;36;15;24;43;43;13;41;24;14;3;30;18;13;4;11;12;8;3;14;7;6;15;12;8;13;20;1497
archivio;public (place);1;0;0;3;0;1;1;0;3;1;0;7;3;1;0;2;0;2;1;3;0;4;0;1;3;23;3;1;0;2;0;1;3;2;3;1;1;1;2;0;1;7;4;2;0;0;4;0;1;2;1;1;1;1;2;9;6;3;3;2;0;2;0;5;2;1;0;0;3;3;3;2;0;0;3;1;3;2;1;9;3;1;2;2;1;0;1;0;2;0;0;0;3;7;0;6;0;3;0;0;0;201
arena;public (place);14;0;4;22;9;0;5;7;5;3;0;8;2;4;2;5;0;7;0;2;2;4;0;0;1;3;10;1;4;11;5;1;7;4;9;9;6;2;7;4;4;1;0;6;7;6;3;3;2;0;0;0;3;14;1;4;3;4;1;5;9;4;0;8;0;7;1;1;1;0;8;12;4;4;2;0;1;17;5;0;0;4;1;4;10;0;1;1;0;2;0;1;11;1;2;2;1;2;0;5;1;389
armeria;military (place);1;0;0;0;0;0;0;1;1;0;0;0;0;0;0;0;0;0;0;0;0;0;0;0;0;2;0;0;0;0;0;0;2;0;0;1;1;0;0;0;0;0;0;0;0;0;1;0;1;1;0;0;0;0;0;2;0;0;0;0;0;0;0;2;0;0;1;0;0;0;1;0;0;0;0;0;0;0;0;0;0;0;0;2;0;0;1;0;0;0;0;0;0;1;0;0;0;0;0;0;0;22
arsenale;military (place);1;0;0;1;1;0;1;0;1;0;0;0;3;5;5;0;1;2;0;3;2;2;0;5;0;0;2;0;1;4;3;0;5;2;1;7;2;0;0;3;2;4;2;3;2;4;0;0;0;0;0;5;0;1;1;0;0;2;0;0;0;3;0;0;0;0;2;9;9;10;0;3;1;1;3;0;2;0;0;0;0;0;0;3;1;0;1;0;1;0;0;0;2;0;0;0;1;6;1;0;0;148
asilo;public (place);10;3;7;8;2;0;7;11;11;18;0;27;15;9;4;5;5;10;6;2;9;8;0;15;0;9;8;10;5;20;1;2;7;6;12;14;25;13;4;23;9;6;3;2;3;11;19;5;9;3;1;2;4;3;6;5;4;5;11;2;3;8;5;19;8;6;0;1;0;3;7;8;6;3;4;8;10;4;0;13;8;8;4;4;2;0;8;8;2;6;2;1;3;8;0;2;2;3;0;4;1;656
asilo_infantile;public (place);0;0;0;0;0;0;0;0;0;0;0;1;0;0;0;0;0;0;0;0;0;0;0;0;0;1;0;0;0;0;0;1;1;0;0;0;0;1;0;0;0;0;0;0;0;1;0;0;2;1;0;0;2;1;0;0;3;2;3;0;0;1;0;0;0;1;0;0;0;0;0;1;0;0;1;0;0;0;0;0;0;0;1;0;0;0;0;1;0;0;1;0;0;0;0;1;0;0;0;0;1;29
asilo_notturno;public (place);0;0;0;0;0;0;0;0;0;0;0;0;0;0;0;0;0;0;0;0;0;0;0;0;0;0;0;0;0;0;0;0;0;0;0;0;0;0;0;0;0;0;0;0;0;0;0;0;0;0;0;0;0;0;0;0;0;0;0;0;0;0;0;0;0;0;0;0;0;0;0;0;0;0;0;0;0;0;0;1;0;0;0;0;0;0;4;1;0;1;0;0;0;0;0;0;0;0;0;0;0;7
atelier;commercial (place);0;0;0;0;0;0;0;0;0;0;0;0;0;0;0;0;0;0;0;0;0;0;0;0;0;0;0;0;0;0;0;0;0;0;0;0;0;0;0;0;0;1;0;0;0;0;0;0;0;0;0;0;0;0;0;0;0;0;0;0;0;0;0;0;0;0;0;0;0;0;0;0;0;0;0;0;0;0;0;0;0;6;0;0;1;0;0;0;0;2;0;0;0;0;0;0;0;0;1;0;0;11
attico;civil (place);2;0;0;0;0;0;0;0;1;0;0;0;0;0;0;0;0;0;0;0;0;0;0;0;0;1;1;1;1;1;0;0;0;0;0;1;0;0;0;0;0;0;1;0;0;0;1;0;0;2;0;0;0;0;0;2;0;0;0;0;0;0;0;2;0;0;0;1;0;0;1;3;0;0;0;0;3;0;0;0;0;0;0;1;2;0;0;0;0;0;0;0;2;0;0;0;0;1;1;0;0;32
auditorium;public (place);0;0;0;0;0;0;0;0;0;0;0;0;0;0;0;0;0;0;0;0;0;0;0;0;0;0;0;0;0;0;0;0;0;0;0;0;0;0;0;0;0;0;0;0;0;0;0;0;0;0;0;0;0;0;0;0;0;0;0;0;0;0;0;0;0;0;0;0;0;0;0;0;0;0;0;0;1;0;0;0;0;0;0;0;0;0;0;0;0;0;0;0;0;0;0;0;0;0;0;0;0;1
avamposto;military (place);0;0;0;0;0;0;2;0;0;0;0;0;0;0;0;0;0;0;0;7;0;0;0;0;0;0;0;1;0;0;2;1;2;5;1;0;1;1;0;6;1;2;0;0;4;0;0;0;0;1;0;5;0;0;0;0;2;1;0;2;0;0;0;3;0;1;0;0;2;1;0;0;0;0;0;0;1;0;0;0;0;0;0;1;0;0;0;0;0;0;1;0;1;0;0;0;0;0;0;0;0;58
azienda;commercial (place);0;0;0;0;0;0;0;0;0;0;0;0;0;0;0;0;0;0;3;0;1;0;0;0;0;5;1;2;0;0;0;1;0;0;2;0;1;0;0;0;1;5;2;0;0;0;0;0;0;0;1;1;1;2;0;0;1;0;0;1;1;0;2;0;1;1;1;0;2;0;2;1;0;1;1;7;5;12;0;1;3;1;0;0;0;0;0;1;2;2;3;1;3;4;1;1;0;5;0;14;1;111
azienda_agricola;rural (place);0;0;0;0;0;0;0;0;0;0;0;0;0;0;0;0;0;0;0;0;0;0;0;0;0;0;0;0;0;0;0;0;0;0;0;0;0;0;0;0;0;0;0;0;0;0;0;0;0;0;0;0;0;0;0;0;0;0;0;0;0;0;0;0;0;0;0;0;0;0;0;0;0;0;0;1;0;0;0;0;0;0;0;0;0;0;0;0;0;1;0;0;0;0;0;0;0;2;0;1;0;5
azienda_commerciale;commercial (place);0;0;0;0;0;0;0;0;0;0;0;0;0;0;0;0;0;0;0;0;0;0;0;0;0;0;0;0;0;0;0;0;0;0;0;0;0;0;0;0;0;0;0;0;0;0;0;0;0;0;0;0;0;0;0;0;0;0;0;0;0;0;0;0;0;0;0;0;1;0;0;0;0;0;0;0;0;0;0;0;0;0;0;0;0;0;0;0;0;0;0;0;0;0;0;0;0;0;0;0;0;1
badia;religious (place);6;0;0;0;0;0;0;0;5;0;0;9;3;1;0;0;0;4;0;0;0;0;0;0;4;17;2;1;1;3;1;0;4;3;12;8;1;0;0;1;3;1;2;1;0;2;0;4;0;0;0;0;0;0;0;0;0;2;0;3;2;0;0;0;0;1;0;0;0;0;1;0;0;0;0;0;0;0;0;0;0;0;1;2;9;0;2;0;0;9;1;0;0;1;2;0;0;0;0;0;0;135
baglio;rural (place);0;0;0;0;0;0;0;0;0;0;0;0;0;0;0;0;0;0;0;0;0;0;0;0;0;0;0;0;0;0;0;0;0;0;0;0;0;0;0;0;0;0;0;0;0;0;0;0;0;0;0;0;0;0;0;0;0;0;0;0;0;0;0;0;0;0;0;0;0;0;0;0;0;0;0;0;0;0;0;0;0;0;0;1;0;0;0;0;0;0;0;0;0;0;0;0;0;0;0;0;0;1
baita;rural (place);0;0;0;0;0;0;0;0;0;0;0;0;0;0;0;0;0;0;0;0;0;0;2;0;0;0;0;0;0;0;0;0;0;0;0;0;0;0;0;0;0;0;0;0;0;0;0;0;0;0;0;10;0;0;0;0;0;0;0;0;0;0;0;0;0;0;0;0;0;0;1;0;0;0;0;0;0;0;0;0;0;0;0;0;0;0;0;2;0;1;0;0;0;0;0;0;0;0;1;0;0;17
banca;commercial (place);0;0;0;0;0;0;0;1;1;0;0;0;0;0;0;0;1;1;6;0;2;4;0;0;0;15;1;7;4;0;3;0;8;4;0;9;2;3;22;4;9;12;27;16;4;13;3;38;3;25;10;6;0;10;26;11;3;15;0;8;8;36;3;100;10;35;17;2;6;10;4;21;8;3;14;14;6;14;6;4;11;6;17;53;7;9;12;4;2;3;0;10;0;10;6;10;4;11;2;8;7;850
bar;commercial (place);0;0;0;1;0;1;1;1;0;7;0;0;0;0;1;0;0;0;0;1;0;0;0;1;0;2;0;2;1;2;1;0;0;0;0;2;6;0;0;0;1;0;1;0;0;1;0;0;0;0;0;0;0;1;0;0;5;1;0;9;0;0;0;1;0;0;0;0;0;0;7;0;3;1;1;0;0;0;0;0;0;1;3;1;2;0;0;0;3;1;11;18;2;1;9;0;2;6;6;2;4;134
baracca;civil (place);3;0;2;1;3;0;6;5;3;1;0;3;2;5;2;0;1;0;0;0;0;1;0;1;0;3;6;0;1;0;0;0;1;0;4;1;1;3;1;2;6;0;4;1;2;9;0;0;0;3;0;4;6;1;7;6;6;0;2;1;2;3;4;1;2;0;2;1;0;4;0;3;8;9;1;3;3;2;1;0;4;2;9;1;2;7;2;0;3;2;2;0;0;2;2;0;6;0;1;3;6;223
barbieria;commercial (place);0;0;0;2;0;0;0;0;1;0;0;0;0;0;0;0;0;0;0;0;0;0;0;0;0;0;0;0;0;0;0;0;0;0;0;0;0;0;0;0;0;0;0;0;0;0;0;0;0;0;0;0;0;0;0;0;0;0;0;0;0;0;0;0;0;0;0;0;0;0;0;0;2;0;1;0;0;0;0;0;0;0;0;0;0;0;0;0;0;0;0;1;0;0;0;0;0;0;0;0;0;7
basilica;religious (place);1;2;1;1;1;0;14;1;7;11;1;23;3;1;0;0;0;4;0;0;0;1;0;2;5;3;0;1;1;1;2;0;4;1;13;5;22;0;0;1;4;1;3;1;2;1;0;3;0;0;0;5;0;1;3;1;3;5;3;4;2;4;1;0;0;1;1;1;1;1;6;5;6;0;0;2;6;0;2;1;0;1;0;1;5;0;3;3;1;2;1;9;10;0;3;2;1;0;0;5;0;260
bastione;military (place);0;0;4;2;5;0;1;0;1;2;0;0;1;1;1;0;3;0;0;0;1;1;0;8;0;7;1;0;1;0;2;2;9;2;4;5;3;2;2;0;10;12;2;0;7;0;2;0;15;17;3;27;1;2;3;4;0;3;2;3;14;0;0;28;3;4;1;3;9;5;1;5;4;2;0;0;0;1;16;0;0;1;1;0;3;0;0;3;8;0;0;1;1;11;0;0;2;8;1;0;1;321
battistero;religious (place);0;0;1;0;0;0;1;0;3;0;0;1;0;4;1;0;0;2;0;0;0;0;0;0;1;3;3;0;0;0;0;0;1;0;0;4;0;2;0;0;1;0;4;0;0;0;0;1;0;4;2;0;0;0;0;2;2;0;0;0;0;0;0;0;0;0;0;0;0;0;0;0;0;0;0;0;0;0;0;0;0;0;0;0;0;0;0;3;0;0;3;2;0;0;0;0;0;0;0;0;0;51
bazar;public (place);0;0;1;0;0;0;0;0;0;5;0;0;0;0;1;1;0;0;0;0;0;1;0;0;0;0;0;0;1;0;0;0;0;0;1;1;0;0;0;0;0;0;0;0;0;3;0;1;0;0;0;0;0;2;0;0;0;0;0;1;2;0;4;0;0;1;1;0;0;0;0;0;0;0;0;1;0;0;5;0;0;0;0;1;1;0;2;0;0;0;0;1;1;0;1;1;0;1;1;1;1;45
biblioteca;educational (place);2;0;8;0;2;1;8;0;2;8;0;7;0;2;0;4;0;0;2;2;2;11;0;2;1;9;6;2;0;4;12;4;6;1;6;12;3;0;5;2;2;11;7;11;1;6;2;51;8;2;4;28;10;1;2;28;7;4;5;6;7;6;6;37;19;2;15;5;10;2;12;6;9;17;39;4;8;2;8;2;12;4;6;12;3;4;3;18;6;1;5;7;16;3;1;16;7;7;6;0;2;687
bicocca;civil (place);0;0;0;0;0;0;0;0;0;0;0;0;0;1;1;0;0;0;0;0;0;0;0;0;2;0;0;3;4;0;0;0;0;0;0;0;0;0;0;0;1;0;1;1;1;4;2;0;0;0;0;13;0;0;0;1;1;1;1;0;0;0;1;0;1;0;0;0;1;1;0;4;2;0;1;7;1;0;0;0;0;3;0;5;0;0;0;0;0;0;1;0;3;1;0;1;0;1;0;0;0;72
biglietteria;commercial (place);0;0;0;0;0;0;0;0;0;0;0;0;0;0;0;0;0;0;0;0;0;0;0;0;0;0;0;0;0;0;0;0;0;0;0;0;0;0;0;0;0;0;0;0;0;0;0;0;0;0;0;0;0;0;0;0;0;0;0;0;0;0;0;0;0;0;0;0;0;0;0;0;0;0;0;0;0;0;0;0;0;0;0;0;0;0;0;0;0;0;0;1;0;0;0;0;0;0;0;0;0;1
birreria;commercial (place);0;0;0;0;0;0;0;0;0;0;0;0;0;0;0;0;0;0;0;0;0;0;0;0;0;0;0;0;0;0;0;3;0;0;0;0;0;0;0;0;0;0;0;0;1;1;0;0;0;0;0;0;0;0;1;2;0;3;0;9;0;1;1;3;2;0;0;0;1;1;0;0;0;1;5;0;0;0;1;0;0;0;2;0;0;0;0;1;1;0;0;0;0;0;1;0;0;0;0;0;1;42
bivacco;rural (place);1;0;0;0;0;0;0;0;0;0;0;1;0;0;0;0;1;0;0;0;2;0;2;0;2;0;0;1;1;2;0;0;5;3;0;0;0;1;1;2;0;0;0;0;2;0;0;0;1;0;0;3;0;0;0;0;1;0;1;0;0;0;0;1;0;0;1;0;0;0;0;0;0;0;0;0;2;0;0;0;1;0;0;1;0;0;0;0;0;0;0;0;4;1;1;0;1;0;0;0;3;49
bordello;commercial (place);0;0;0;0;0;0;0;0;2;1;1;0;0;1;1;1;0;0;0;0;1;0;0;1;0;0;0;0;0;0;2;0;3;0;0;0;1;0;0;0;2;0;0;0;4;1;0;0;3;0;1;0;0;1;0;1;0;6;1;0;0;0;3;1;0;0;0;0;0;0;1;0;0;0;0;0;0;0;0;0;0;5;0;1;6;0;1;0;0;1;5;0;0;0;0;1;1;0;0;0;0;61
bottega;commercial (place);10;0;7;39;18;2;32;38;30;47;39;20;44;28;34;3;21;33;4;13;33;17;3;44;8;36;70;24;40;6;18;12;44;8;32;9;14;4;49;20;13;39;10;3;36;32;6;10;32;42;20;74;34;32;62;40;72;27;33;38;17;126;21;30;5;2;6;16;3;28;3;29;97;17;7;34;22;10;35;18;16;16;32;29;23;20;9;5;22;75;10;7;10;54;20;26;68;47;14;40;16;2693
boutique;commercial (place);0;0;0;0;0;0;0;0;0;0;0;0;0;0;0;0;1;0;0;0;0;0;0;0;0;0;0;0;0;0;0;0;0;0;0;0;0;0;0;0;0;0;0;0;0;0;0;0;0;0;0;0;0;0;0;0;0;0;0;0;0;0;0;0;0;0;0;0;0;0;0;0;0;1;0;0;0;0;0;0;0;0;0;0;0;0;0;0;0;0;0;0;0;0;0;0;0;0;0;0;0;2
bugigattolo;civil (place);0;0;0;1;1;0;0;0;1;3;0;0;3;2;0;0;0;1;0;0;4;0;1;1;0;2;1;3;1;0;0;0;5;0;1;2;3;1;0;1;0;2;4;0;1;2;0;0;2;3;1;3;2;1;3;7;3;1;7;2;3;1;6;0;0;1;6;0;1;0;0;1;1;2;1;1;1;2;2;1;0;0;0;1;0;1;0;3;1;2;0;1;1;1;0;0;1;2;0;0;0;126
bungalow;rural (place);0;0;0;0;0;0;0;0;0;0;0;0;0;0;0;0;0;0;0;0;0;0;0;0;0;0;0;0;0;0;0;0;0;0;0;0;0;0;0;0;0;0;0;0;0;0;0;0;0;14;0;0;0;0;0;0;0;0;0;0;0;0;0;0;0;0;0;0;0;0;0;0;0;0;0;0;0;0;1;0;0;0;0;0;0;0;0;0;2;0;0;0;0;0;0;0;0;1;0;0;0;18
calzaturificio;industrial (place);0;0;0;0;0;0;0;0;0;0;0;0;0;0;0;0;0;0;0;0;0;0;0;0;0;0;0;0;0;0;0;0;0;0;0;0;0;0;0;0;0;0;0;0;0;0;0;0;0;0;0;0;0;0;0;0;0;0;0;0;0;0;0;0;0;0;0;0;0;0;0;0;0;0;0;0;0;0;0;0;0;0;0;0;0;0;0;0;0;0;0;0;1;0;0;0;0;0;0;0;0;1
camera_di_commercio;public (place);0;0;0;0;0;0;0;0;0;0;0;0;0;0;0;0;0;0;1;1;0;0;0;0;0;0;0;0;0;0;0;0;0;0;0;0;0;0;0;0;0;1;0;0;0;1;0;0;0;0;2;0;0;0;0;0;0;0;0;0;1;0;0;0;0;0;1;0;0;0;0;0;0;0;0;0;0;0;0;0;0;0;0;1;0;1;0;0;0;0;0;0;1;0;0;0;0;0;0;0;0;11
campanile;religious (place);4;0;9;8;4;2;5;4;12;10;0;8;19;10;3;2;0;4;0;7;7;6;4;2;6;8;9;13;17;2;14;14;8;0;8;15;4;10;1;2;8;10;16;5;15;30;6;5;5;12;10;29;11;11;14;22;14;3;14;17;17;6;6;15;6;2;0;5;0;8;14;9;18;6;9;3;11;3;5;2;2;3;0;5;25;3;7;10;11;7;6;19;13;11;4;12;24;7;6;4;6;848
campeggio;commercial (place);0;0;0;0;0;0;0;0;0;0;0;2;0;1;0;0;0;0;0;0;0;0;0;0;0;2;0;0;0;0;0;0;0;0;0;0;0;0;0;0;0;0;0;0;0;0;0;0;0;0;0;0;0;0;0;0;0;0;0;1;0;0;1;0;0;0;0;0;0;0;0;0;0;0;0;0;0;0;0;0;0;0;0;0;0;0;0;0;0;0;0;0;0;1;0;0;0;0;0;0;0;8
campo_di_aviazione;public (place);0;0;0;0;0;0;0;0;0;0;0;0;0;0;0;0;0;0;0;0;0;0;0;0;0;0;0;0;0;0;0;0;0;0;0;0;0;0;0;0;0;0;0;0;0;0;0;0;0;0;0;0;0;0;0;0;0;0;0;0;0;0;0;0;0;0;0;0;0;0;0;0;0;0;0;0;0;0;0;0;0;0;0;2;0;0;0;0;0;0;0;0;0;0;0;0;0;0;0;0;0;2
campo_di_concentramento;public (place);0;0;0;0;0;0;0;0;0;0;0;0;0;0;0;0;0;0;0;0;0;0;0;0;0;0;0;0;0;0;0;0;0;0;0;0;0;0;0;0;0;0;0;0;0;0;0;0;0;0;0;0;0;0;0;0;0;0;0;0;0;0;0;0;0;0;0;0;0;0;0;0;0;0;0;0;0;0;0;0;0;0;0;0;0;0;0;0;0;0;0;0;1;0;0;0;1;3;0;0;0;5
camposanto;religious (place);0;0;2;2;1;0;0;104;1;6;0;4;14;10;1;0;0;6;0;4;4;5;1;2;0;1;2;6;0;0;9;4;0;2;6;11;1;6;1;1;3;6;8;4;8;9;1;1;6;4;0;3;4;0;1;20;14;1;3;13;8;2;0;7;1;9;8;1;0;11;7;11;3;3;6;6;0;5;0;0;2;8;5;7;11;2;3;1;4;3;0;11;1;9;4;3;3;1;0;2;0;494
canile;public (place);1;1;2;0;0;0;0;0;1;0;0;0;0;0;1;1;1;0;0;0;0;1;0;0;0;0;1;1;0;0;0;0;0;0;3;0;0;1;4;3;0;2;0;0;1;0;0;0;0;0;0;0;1;0;1;0;2;1;0;0;0;0;0;0;0;0;0;0;0;0;1;0;5;0;1;0;0;0;2;0;0;0;0;0;0;0;9;0;1;1;0;0;0;1;0;0;3;3;2;0;0;59
canonica;civil (place);5;1;0;0;1;1;2;5;7;0;0;4;1;0;0;2;0;2;0;0;7;0;0;2;2;13;1;22;10;1;1;4;0;0;7;6;1;0;0;2;2;0;1;0;1;2;1;0;0;0;2;3;4;11;1;1;3;2;10;0;1;0;2;0;0;2;0;0;0;0;0;4;1;0;0;0;5;0;0;0;0;3;0;1;1;8;0;1;0;0;5;1;0;5;0;0;0;3;1;0;0;198
cantiere;civil (place);0;0;0;0;0;0;0;0;0;0;0;0;0;0;0;0;0;0;0;0;0;0;0;0;0;0;0;0;2;0;1;0;0;0;1;2;1;0;0;0;0;1;2;0;0;0;0;0;0;0;0;0;0;1;0;4;1;1;0;0;2;1;10;0;0;1;0;0;0;0;1;0;0;0;1;3;1;0;8;0;1;0;1;2;2;0;2;0;12;1;0;0;2;0;3;0;1;1;1;0;3;77
cantina;industrial (place);0;0;0;5;6;3;4;6;1;8;2;0;5;1;4;0;4;1;0;2;4;4;6;5;0;9;0;2;0;1;6;3;4;6;4;19;13;2;4;5;5;10;6;1;5;12;0;0;6;8;2;7;13;5;8;16;6;2;9;3;3;9;0;8;5;7;4;1;4;10;2;9;5;3;2;20;1;5;7;12;8;2;7;7;4;0;1;4;5;1;0;4;5;8;1;6;5;6;2;1;3;470
capanna;rural (place);9;0;27;8;17;0;5;1;12;7;1;15;4;2;3;0;49;6;2;3;1;1;18;3;16;23;1;5;12;9;3;36;29;3;9;12;34;8;32;24;16;9;11;10;1;10;24;48;0;6;2;16;8;14;9;13;9;2;13;19;35;0;4;19;3;0;39;11;30;15;8;0;13;20;2;23;20;13;14;19;23;25;2;9;1;1;1;6;19;10;3;6;12;17;3;8;11;3;0;0;1;1139
capanno;rural (place);0;0;0;0;0;0;0;0;0;0;0;0;1;0;0;0;0;0;0;0;0;0;0;2;0;1;0;0;0;0;0;0;0;0;0;0;0;0;0;0;1;0;0;0;0;1;0;0;0;2;0;0;6;0;0;0;0;0;0;0;1;0;0;0;0;0;0;0;2;0;0;1;0;6;1;0;4;0;0;0;4;2;0;13;0;0;0;0;6;4;1;0;1;0;0;3;2;2;0;0;0;67
capannone;industrial (place);0;0;0;0;0;0;0;0;0;0;0;0;0;0;0;0;0;0;0;0;0;0;0;0;0;2;0;0;0;0;0;0;0;0;0;0;0;0;0;0;0;0;0;0;1;0;0;0;0;0;0;0;0;0;0;0;1;0;0;0;0;0;0;0;0;0;1;3;0;0;0;0;0;0;0;0;0;1;0;0;0;0;0;0;0;0;0;0;3;0;0;0;3;0;0;0;0;0;0;0;3;18
capitaneria;military (place);0;0;0;0;0;0;0;0;0;0;0;0;0;0;0;0;0;0;0;0;0;0;0;0;0;0;0;0;1;0;0;0;0;0;0;0;0;0;0;0;0;0;0;0;0;0;0;0;0;0;0;0;0;0;0;0;0;0;0;0;0;0;0;0;0;0;0;0;0;0;0;0;0;0;0;0;0;0;0;0;0;0;0;1;0;0;0;0;2;0;0;0;0;0;0;0;0;0;0;0;1;5
cappella;religious (place);9;6;7;3;2;0;5;10;18;4;0;73;19;5;2;7;0;18;0;1;3;11;1;8;9;113;25;14;7;22;10;1;7;18;23;19;12;11;2;12;24;2;15;1;0;10;31;5;9;6;5;4;4;30;9;21;8;7;18;56;4;63;4;4;12;5;8;3;3;20;18;37;1;4;8;12;4;0;22;33;1;6;3;4;15;1;7;7;1;2;2;0;11;11;4;6;3;5;1;1;3;1141
cappelletta;religious (place);1;0;3;4;2;0;0;0;4;1;0;0;0;1;1;0;0;0;0;0;0;0;0;2;0;4;0;5;4;0;1;3;2;0;3;0;1;5;0;0;0;3;2;0;0;8;3;0;2;2;0;4;1;3;1;6;2;0;2;1;2;2;1;0;0;3;0;2;0;3;1;5;1;1;0;2;0;1;3;2;6;2;0;0;1;0;0;0;0;1;0;0;0;5;0;0;0;1;0;0;0;132
caprile;rural (place);0;0;0;0;0;0;0;0;0;0;0;0;0;0;0;0;0;0;0;0;0;0;0;0;0;1;0;0;0;0;0;0;0;0;0;0;0;0;0;0;0;0;0;0;0;0;0;0;0;0;0;0;0;0;0;0;0;0;0;0;0;0;0;0;0;0;0;0;0;0;1;0;0;0;0;0;0;0;0;0;0;0;0;0;0;0;0;0;0;0;0;0;1;0;0;0;0;0;0;0;0;3
carcere;public (place);22;4;94;20;6;0;5;5;51;21;3;32;26;40;3;29;3;9;43;20;14;7;6;21;5;57;33;21;16;17;45;16;12;19;38;28;52;37;12;75;17;9;9;7;10;9;13;9;3;6;6;18;14;25;36;3;19;12;3;21;5;51;13;55;18;15;2;6;0;19;5;49;12;1;10;28;12;11;11;18;10;5;7;24;8;5;7;3;10;5;4;0;8;46;5;6;9;30;0;3;6;1758
cartoleria;commercial (place);0;0;0;0;0;0;0;0;0;0;0;0;0;0;0;0;0;0;0;0;0;0;0;0;0;0;0;0;0;0;0;0;0;0;0;0;0;0;0;0;0;0;0;0;0;0;1;0;0;0;0;0;0;0;0;1;0;0;0;0;0;0;0;0;0;0;0;0;0;0;0;0;1;0;0;0;0;0;0;1;0;0;0;0;0;0;0;0;0;0;0;0;0;0;0;0;0;1;0;1;0;6
casa_cantoniera;public (place);0;0;0;0;0;0;0;0;0;0;0;0;0;0;0;0;0;0;0;0;0;0;0;0;0;0;0;0;0;0;0;0;0;0;0;0;0;0;0;0;0;1;0;0;0;0;0;0;0;0;0;0;0;0;0;0;0;0;0;0;0;0;4;0;0;0;0;0;0;0;0;0;0;0;0;0;0;0;0;0;0;0;0;0;0;0;0;0;0;0;0;0;0;0;0;0;0;0;0;0;0;5
casa_chiusa;commercial (place);1;0;0;0;0;0;0;0;0;0;0;0;0;0;0;0;0;0;0;0;0;0;0;0;0;0;0;0;0;0;0;0;1;0;0;0;0;0;0;1;0;0;0;0;0;0;0;0;0;0;0;1;0;0;0;0;0;0;0;0;0;0;0;0;0;0;0;0;0;0;1;0;0;0;0;0;1;0;1;0;0;1;0;0;1;0;0;1;0;0;0;0;0;1;0;0;1;0;0;0;0;12
casa_colonica;rural (place);0;0;0;0;0;0;0;0;0;0;0;0;0;0;0;0;0;0;0;0;0;0;0;0;0;4;1;0;2;0;0;2;0;0;0;1;0;0;0;1;3;0;0;0;0;1;0;0;0;0;0;1;1;2;0;2;3;1;0;1;0;2;0;0;0;0;1;0;0;3;0;0;0;0;0;2;0;1;0;0;0;2;0;0;1;0;0;0;1;0;0;1;1;0;0;1;1;5;0;1;3;52
casa_comunale;public (place);0;0;0;0;0;0;0;0;0;0;0;0;0;0;0;0;0;0;0;0;0;0;0;0;0;0;0;0;0;0;0;0;0;0;0;0;0;0;0;0;0;0;0;1;0;0;0;0;0;2;0;3;2;0;0;0;1;0;0;0;0;0;0;1;0;1;0;0;0;0;0;0;0;0;0;0;0;0;0;0;0;0;0;1;0;0;0;0;0;0;0;0;0;1;0;0;0;0;0;0;0;13
casa_del_popolo;public (place);0;0;0;0;0;0;0;0;0;0;0;0;0;0;0;0;0;0;0;0;1;0;0;0;0;0;0;0;0;0;0;0;0;0;0;0;0;0;0;0;0;0;0;0;0;0;0;0;0;0;0;0;0;0;0;0;0;0;1;0;0;0;0;0;0;0;0;0;0;0;0;0;0;0;0;0;0;0;0;0;0;0;0;0;0;0;0;0;0;0;0;0;0;0;11;0;0;0;0;0;0;13
casa_di_campagna;rural (place);2;1;0;0;0;0;0;0;0;0;0;0;1;0;0;0;0;0;0;1;1;0;0;1;0;2;2;0;3;1;0;0;2;0;0;3;0;2;4;1;1;0;2;1;0;1;0;2;0;0;0;1;0;0;0;0;3;0;0;2;1;1;2;4;1;0;0;0;1;0;0;1;0;0;0;1;2;0;0;0;5;1;0;1;0;1;6;1;0;1;1;0;0;2;0;2;2;0;2;2;1;82
casa_di_correzione;public (place);0;0;0;0;0;0;0;0;0;0;0;0;0;0;0;0;0;0;0;0;0;0;0;0;0;0;0;0;0;0;0;0;0;0;0;1;0;0;0;0;0;0;0;0;0;0;0;0;0;0;0;0;0;0;0;0;0;0;0;0;0;0;0;0;0;0;0;1;0;0;0;0;0;0;0;0;0;0;3;0;0;0;3;0;0;0;0;0;0;0;0;0;0;0;0;0;0;2;0;0;0;10
casa_di_cura;public (place);0;0;0;0;0;0;0;0;0;0;0;0;0;0;0;0;0;0;0;0;0;0;0;0;0;0;0;0;0;0;0;0;0;0;0;0;0;0;0;0;0;0;0;0;0;0;0;0;0;0;0;0;0;0;0;0;0;0;0;0;0;0;0;0;0;0;0;0;0;0;0;0;0;0;0;0;0;0;0;0;0;0;0;0;0;6;1;3;0;0;0;0;0;0;0;0;0;0;0;16;0;26
casa_di_custodia;public (place);0;0;0;0;0;0;0;0;0;0;0;0;0;0;0;0;0;0;0;0;0;0;0;0;0;0;0;0;0;0;0;0;0;0;0;0;0;0;0;0;0;0;0;0;0;0;0;0;0;0;0;0;0;0;0;0;0;0;0;0;0;0;0;0;0;0;0;0;0;0;0;0;0;0;0;0;1;0;0;0;0;0;0;0;0;0;0;0;0;0;0;0;0;0;0;0;0;0;0;0;0;1
casa_di_pena;public (place);0;0;0;0;0;0;0;0;0;0;0;0;0;0;0;0;0;0;0;0;0;0;0;0;0;0;0;0;0;0;0;0;0;0;0;0;0;0;0;0;0;0;0;0;0;0;0;0;0;0;0;0;0;0;3;0;0;0;0;0;0;0;0;0;0;0;0;0;0;0;0;0;0;0;0;0;0;0;0;0;2;0;0;0;0;0;0;0;0;0;0;0;0;0;0;0;0;0;0;0;0;5
casa_di_riposo;public (place);0;0;0;0;0;0;0;0;0;0;0;0;0;0;0;0;0;0;0;0;0;0;0;0;0;0;0;0;0;0;0;0;0;0;0;0;0;0;0;0;0;0;0;0;0;0;0;0;0;0;0;0;0;0;1;0;0;0;0;0;0;0;0;0;0;0;0;0;0;0;0;0;0;0;0;0;0;0;0;0;0;0;0;0;0;0;0;0;0;0;0;0;0;0;0;0;0;0;0;0;0;1
casa_di_salute;public (place);0;0;0;0;0;0;0;0;0;0;0;0;0;0;0;0;0;0;0;0;0;0;0;0;0;0;0;0;0;0;0;0;0;0;1;0;0;0;0;0;0;0;0;1;0;0;0;0;0;0;0;1;0;0;2;0;0;1;1;2;2;0;1;0;0;0;0;4;0;0;0;2;5;0;4;13;0;1;0;0;6;0;0;3;0;3;1;0;0;1;0;1;0;14;0;0;0;1;0;2;2;75
casa_di_spedizioni;commercial (place);0;0;0;0;0;0;0;0;0;0;0;0;0;0;0;0;0;0;0;0;0;0;0;0;0;0;0;0;0;0;0;0;0;0;0;0;0;0;0;0;0;0;0;0;0;0;0;0;0;0;0;0;0;0;0;0;0;0;0;0;0;0;0;0;0;0;0;0;0;0;0;0;0;0;0;0;0;0;0;0;0;0;0;0;0;0;0;0;0;0;0;0;0;0;0;0;1;0;0;0;0;1
casa_di_tolleranza;commercial (place);0;0;0;0;0;0;0;0;0;0;0;0;0;0;0;0;0;0;0;0;0;0;0;0;0;0;0;0;0;0;0;0;0;0;1;0;0;0;0;1;0;0;0;0;0;0;0;0;1;0;0;0;0;0;2;0;0;7;0;0;0;0;0;0;0;0;0;0;0;0;0;0;0;0;0;0;0;0;0;0;0;2;0;0;0;0;0;0;0;0;0;0;0;0;0;0;0;0;0;0;0;14
casa_editrice;commercial (place);0;0;0;0;0;0;0;0;0;0;0;0;0;0;0;0;0;0;0;0;0;0;0;0;0;0;0;0;0;0;0;0;0;0;0;0;0;0;0;0;0;0;0;0;0;0;0;0;1;0;0;0;0;0;0;0;1;0;0;0;0;0;0;0;0;0;0;0;0;0;0;0;0;0;0;0;0;0;0;0;0;5;0;1;0;0;0;3;0;0;1;0;0;0;0;0;0;0;1;0;0;13
casa_galleggiante;civil (place);0;0;0;0;0;0;0;0;0;0;0;0;0;0;0;0;0;0;0;0;0;0;0;0;0;0;0;0;0;0;0;0;0;0;0;0;0;0;0;0;0;0;0;0;0;0;0;0;0;0;0;0;0;0;0;0;0;0;0;0;0;0;0;0;0;0;0;0;0;0;1;0;0;1;0;0;0;0;0;0;0;0;0;0;0;0;0;0;0;0;0;0;0;0;0;0;0;0;0;0;0;2
casa_in_linea;civil (place);0;0;0;0;0;0;0;0;0;0;0;0;0;0;0;0;0;0;0;0;0;0;0;0;0;0;0;0;0;0;0;1;0;0;0;0;0;0;0;0;0;0;0;0;0;0;0;0;0;0;0;0;0;0;0;0;0;0;0;0;0;0;0;0;0;0;0;0;0;0;0;0;0;0;0;0;0;0;0;0;0;0;0;0;0;0;0;0;0;0;0;0;0;0;0;0;0;0;0;0;0;1
casa_lunga;civil (place);0;0;0;0;0;0;0;0;0;0;0;0;0;0;0;0;0;0;0;0;0;0;0;0;0;0;0;0;0;0;1;0;0;1;0;0;0;0;0;0;0;0;0;0;0;2;0;0;0;1;0;0;0;0;0;0;0;0;0;0;0;0;0;0;0;0;0;0;0;0;0;0;0;0;0;0;0;0;0;0;0;0;0;0;0;0;0;0;0;0;0;0;0;0;0;0;0;0;0;0;0;5
casa_mobile;civil (place);0;0;0;0;0;0;0;0;0;0;0;0;0;0;0;0;0;0;0;0;0;0;0;0;0;2;0;0;0;0;0;0;0;0;0;0;0;0;0;0;0;0;0;0;0;0;0;0;0;0;0;0;0;0;0;0;1;0;0;0;0;0;0;0;1;0;0;0;0;0;0;0;0;0;0;0;0;0;0;0;0;0;0;0;0;0;0;0;1;0;0;0;0;0;0;0;0;0;0;0;0;5
casa_parrocchiale;religious (place);0;0;0;1;0;0;0;0;0;0;0;0;6;0;0;0;0;0;0;0;0;0;0;0;0;1;0;0;0;0;0;0;0;0;0;0;0;0;0;0;0;1;1;0;1;1;0;0;0;0;0;0;0;6;0;1;0;0;0;1;0;1;0;0;0;0;0;1;0;0;0;0;0;0;0;0;0;0;0;0;0;0;0;0;0;0;0;0;0;0;0;0;0;0;0;0;0;0;0;0;0;22
casa_popolare;civil (place);0;0;0;0;0;0;0;0;0;0;0;0;0;0;0;0;0;0;0;0;0;0;0;0;0;0;0;0;0;0;0;0;0;0;0;0;0;0;0;0;0;0;0;0;0;0;0;0;0;0;0;0;0;0;1;0;0;0;0;0;0;0;0;0;0;0;0;0;0;0;0;0;0;0;0;0;0;0;0;0;0;0;0;0;0;0;0;0;0;0;0;0;0;0;0;0;1;0;0;0;1;3
casa_raggruppata;civil (place);0;0;0;0;0;0;0;0;0;0;0;0;0;0;0;0;0;0;0;0;0;0;0;0;0;0;0;0;0;0;0;0;0;0;0;0;0;0;0;0;0;0;0;0;0;0;0;0;0;0;0;0;0;0;0;0;0;0;0;0;0;0;0;0;0;0;0;0;0;0;0;0;0;0;0;0;0;0;0;0;0;0;0;0;1;0;0;0;0;0;0;0;0;0;0;0;0;1;0;0;0;2
casa_romana;civil (place);0;0;0;0;0;0;0;0;0;0;0;0;0;0;0;0;0;0;0;0;0;0;0;0;0;0;0;0;0;1;0;0;0;0;0;0;0;0;0;0;0;0;0;0;0;0;0;0;0;0;0;0;0;0;0;0;0;0;0;1;0;0;0;0;1;0;0;0;0;0;0;1;0;0;0;0;0;0;0;0;0;0;0;1;0;0;0;0;0;0;0;0;0;0;0;0;0;0;0;0;0;5
casa_rurale;rural (place);0;0;0;0;0;0;0;0;0;0;0;0;0;0;0;0;0;0;0;0;0;1;0;0;0;0;0;0;0;0;0;0;0;0;0;0;0;0;0;0;0;0;0;0;0;0;0;0;0;0;0;1;0;0;0;0;0;0;0;0;0;0;0;1;0;0;0;0;0;0;0;0;0;0;0;0;0;0;0;0;0;0;0;0;0;0;0;0;0;0;0;0;0;0;0;0;0;0;0;0;0;3
casa_rustica;rural (place);0;0;0;0;0;0;0;0;0;0;0;0;0;0;0;0;0;0;0;0;0;0;0;0;0;0;0;1;0;1;0;1;0;0;0;0;0;0;0;0;1;0;0;0;0;0;0;0;0;1;0;0;0;1;1;0;2;1;0;0;0;0;0;0;1;0;0;0;0;2;0;1;0;2;0;0;0;0;0;0;1;0;0;1;0;0;0;1;0;0;0;0;1;0;1;1;0;1;0;0;4;27
casa_signorile;civil (place);0;0;0;0;0;0;0;1;1;0;0;0;2;0;0;0;0;0;0;0;0;1;0;0;1;4;0;0;0;0;0;0;0;0;0;0;0;1;1;1;0;1;3;0;0;2;1;1;0;0;0;0;0;2;0;0;1;0;0;0;0;1;0;0;3;1;0;0;0;1;0;2;1;1;0;1;0;0;0;1;1;0;0;0;0;1;0;0;0;0;0;1;0;0;2;0;0;3;0;0;0;44
casale;rural (place);1;0;2;4;4;0;6;3;17;3;0;5;10;5;1;0;0;2;0;4;2;0;0;0;2;5;0;8;7;0;2;6;12;1;1;0;1;3;0;0;1;0;6;0;0;7;3;1;0;5;0;0;1;1;2;1;1;1;0;1;0;0;1;0;0;0;0;0;0;5;0;1;0;0;0;10;0;0;15;0;2;14;1;3;1;0;2;1;0;0;0;1;3;0;0;0;0;1;0;0;0;209
casamatta;military (place);0;0;0;0;1;0;0;0;0;0;0;0;0;0;0;0;0;0;0;0;2;0;0;0;0;1;1;0;0;0;0;0;2;3;0;0;1;0;0;0;0;0;0;0;1;0;1;0;0;0;0;1;0;0;0;0;0;0;0;0;0;0;0;0;0;3;0;0;2;0;0;0;0;0;0;0;0;0;0;0;0;0;0;0;1;0;0;0;1;0;0;0;0;0;0;0;0;0;0;0;0;21
casamento;civil (place);0;0;0;2;0;0;0;0;2;1;0;2;0;1;2;0;0;1;0;1;2;1;1;0;0;7;0;3;2;1;1;0;1;0;3;1;0;0;2;0;4;4;0;0;0;1;0;0;0;0;4;0;0;11;1;1;0;0;0;0;0;0;1;1;2;0;0;1;0;6;0;16;6;1;0;2;1;5;0;0;2;0;9;1;0;0;2;3;2;2;1;0;0;3;8;5;4;1;0;2;9;159
cascina;rural (place);1;0;1;1;0;0;1;0;1;3;0;1;23;2;8;0;0;0;0;1;4;18;0;0;1;5;22;11;1;1;0;1;17;8;7;0;2;0;4;2;1;5;8;7;1;14;4;9;26;19;4;9;6;1;10;3;3;2;7;1;87;23;3;9;15;6;0;1;0;20;3;0;1;2;2;4;5;4;0;16;0;2;0;1;5;0;1;7;0;14;1;0;0;2;1;0;1;1;2;2;0;528
caseggiato;civil (place);0;0;1;0;0;0;0;0;2;0;0;0;0;0;0;0;0;0;0;0;0;0;0;0;0;1;0;6;2;0;0;0;0;1;1;0;0;1;6;0;0;0;4;0;0;1;1;1;2;0;0;0;1;4;2;0;1;0;1;1;1;1;0;2;3;0;1;0;0;0;1;1;1;2;0;0;0;1;1;3;0;0;1;1;0;0;1;1;0;1;1;0;1;0;0;0;0;0;0;1;1;67
casello;civil (place);0;0;0;0;0;0;0;0;0;0;0;0;0;0;0;0;0;0;0;0;0;0;0;0;0;0;0;0;0;0;0;0;0;0;0;0;0;0;0;0;0;0;0;0;0;0;0;0;0;0;0;0;0;0;0;0;0;1;2;1;1;0;0;0;0;1;0;0;0;1;0;0;0;0;0;0;0;0;1;0;0;0;0;0;0;0;0;0;0;1;0;0;0;0;0;0;2;0;0;0;3;14
casello_ferroviario;public (place);0;0;0;0;0;0;0;0;0;0;0;0;0;0;0;0;0;0;0;0;0;0;0;0;0;0;0;0;0;0;0;0;0;0;0;0;0;0;0;0;0;0;0;0;0;0;0;0;0;0;0;0;0;0;0;0;0;0;0;0;0;0;0;0;0;0;0;0;0;0;0;0;0;0;0;0;0;0;0;0;0;0;0;0;0;0;0;0;0;0;0;0;0;0;0;0;1;0;0;0;2;3
caserella;civil (place);0;0;0;0;0;0;0;0;0;0;0;0;0;0;0;0;0;0;0;0;0;0;0;0;0;0;0;0;0;0;0;0;0;0;0;0;0;0;0;0;0;0;0;0;0;0;0;0;0;0;0;0;0;0;0;0;0;0;0;0;0;0;0;0;0;0;0;0;0;0;0;0;0;0;0;0;0;0;0;0;3;0;0;0;0;0;0;0;0;0;0;0;0;0;0;0;0;0;0;0;0;3
caserma;military (place);1;0;1;1;0;0;0;0;0;0;0;0;1;0;0;0;1;0;0;6;2;3;0;12;0;0;3;0;0;0;0;1;1;11;2;5;23;0;4;58;9;10;1;3;1;1;4;0;2;2;1;14;1;3;4;2;1;0;1;3;2;1;0;2;0;1;3;0;2;5;1;3;3;3;2;1;16;4;12;2;0;2;2;6;3;5;1;1;7;2;11;2;7;1;7;2;3;4;1;0;45;374
casermone;civil (place);0;0;0;0;0;0;0;0;0;0;0;0;0;0;0;0;0;0;0;0;0;0;0;0;0;0;0;0;0;0;0;0;0;0;0;0;0;0;0;0;0;0;0;0;0;0;0;0;0;0;0;0;0;0;0;0;0;0;0;0;0;0;0;0;0;0;0;0;0;0;0;0;0;0;0;0;0;0;0;0;0;0;0;1;0;0;0;0;0;0;0;0;0;0;0;0;0;0;0;0;0;1
casetta;civil (place);0;0;1;7;6;0;4;2;4;28;0;5;7;1;1;0;1;0;0;1;3;0;5;18;0;6;3;9;9;2;5;5;21;1;7;8;32;18;4;5;3;20;14;3;3;36;34;37;2;8;4;9;10;8;4;37;23;2;12;7;12;16;16;21;8;6;23;6;6;8;2;12;11;11;3;19;14;32;5;18;34;15;1;7;7;4;18;6;14;12;4;8;17;32;2;9;9;17;6;11;2;989
casina;commercial (place);0;0;0;0;0;0;0;0;0;0;0;0;1;0;0;0;1;0;0;0;0;0;0;0;0;3;2;0;7;3;0;2;0;0;4;20;0;16;0;0;20;1;2;1;0;2;1;2;0;1;1;1;3;9;0;8;4;3;2;0;3;0;0;4;0;1;2;0;0;2;0;5;20;0;1;0;0;0;0;0;8;2;0;0;1;0;0;0;7;5;0;0;4;0;0;0;2;6;1;0;0;194
casino;civil (place);7;0;7;0;0;0;1;2;3;0;0;8;2;0;37;0;1;1;0;0;0;3;52;9;8;9;16;3;5;0;1;1;6;4;4;5;0;0;3;2;5;0;12;1;7;14;6;13;1;1;0;0;0;1;0;6;2;8;7;2;1;1;8;8;0;0;2;1;1;4;0;24;2;0;2;0;0;4;1;0;0;24;1;2;3;2;3;0;4;1;3;1;1;2;0;0;0;1;0;2;0;395
casolare;rural (place);7;0;7;0;3;1;3;0;17;13;2;3;17;2;2;0;1;10;0;0;2;1;2;3;5;2;3;14;3;2;2;11;7;0;1;8;1;3;8;1;4;4;13;3;2;4;7;4;0;11;5;8;3;10;9;1;13;1;12;13;0;6;5;13;5;0;2;2;0;3;5;0;2;5;1;21;0;0;8;5;7;7;0;2;0;0;0;1;6;2;2;2;4;1;2;6;4;1;0;1;12;437
casone;civil (place);0;0;0;0;0;0;0;0;0;0;0;1;1;0;1;0;0;0;0;0;0;0;0;0;0;1;0;7;1;0;1;0;0;0;0;0;0;0;1;0;3;0;0;0;0;0;0;0;0;0;0;0;0;0;1;0;0;0;0;0;0;0;0;1;0;0;0;0;0;0;0;0;2;1;0;0;0;0;0;1;1;0;0;0;1;0;0;1;0;2;0;0;0;0;0;0;0;0;4;1;0;33
casotto;civil (place);1;0;1;0;0;0;0;0;2;2;1;1;2;0;0;0;1;0;0;0;0;0;0;0;0;0;0;4;0;0;0;0;0;0;1;0;2;1;1;0;0;0;0;1;0;5;0;0;3;1;2;1;8;8;1;2;1;2;0;1;0;2;3;4;0;1;8;4;0;0;2;2;1;0;0;0;0;0;2;2;0;0;3;2;0;0;0;0;5;0;3;0;0;4;0;4;0;0;0;0;0;108
cassa_di_risparmio;commercial (place);0;0;0;0;0;0;3;0;0;1;0;0;0;0;1;0;0;0;3;1;0;0;0;0;0;1;0;1;0;0;0;0;1;0;1;0;0;0;0;0;0;9;5;13;0;1;0;0;1;1;1;1;1;0;1;1;2;1;1;0;0;4;0;0;0;3;1;0;0;0;0;0;1;1;0;2;0;0;1;0;0;2;2;1;1;0;1;0;4;0;1;1;3;1;1;0;0;0;0;0;0;83
castellaro;military (place);0;0;0;0;0;0;0;0;0;0;0;0;0;0;0;0;0;0;0;0;0;0;0;0;0;0;16;0;0;0;0;0;0;0;0;0;0;0;0;0;0;0;0;0;0;0;0;0;0;0;0;0;0;0;0;0;0;0;0;0;0;0;0;0;0;0;0;0;0;0;1;0;0;0;0;0;0;0;0;0;0;0;0;0;0;0;0;0;0;0;0;0;0;0;0;0;0;0;0;0;0;17
castello;civil (place);133;76;104;145;133;2;97;115;290;36;16;75;38;23;67;26;2;65;8;41;14;8;6;134;96;239;75;144;96;20;36;64;169;101;162;68;63;10;22;73;166;10;154;15;19;112;124;136;86;36;5;65;12;11;16;24;42;18;9;90;37;5;22;102;18;49;27;3;36;55;99;42;25;9;38;89;100;16;130;12;73;60;70;13;29;12;41;34;29;6;41;2;72;130;3;39;17;39;1;17;44;5928
casupola;civil (place);0;0;4;0;1;0;0;6;1;4;0;0;1;0;1;0;0;15;0;0;0;0;0;0;6;0;1;2;2;0;0;8;6;0;1;0;0;3;0;0;0;0;5;2;1;3;2;13;5;1;0;12;0;9;15;4;4;0;5;2;0;10;2;5;4;2;0;1;1;1;0;6;0;1;1;3;6;0;0;3;18;7;2;6;1;0;2;5;6;0;3;2;0;2;1;3;6;4;0;2;7;268
catacomba;religious (place);0;0;1;0;0;0;0;0;3;4;0;0;0;0;0;0;0;9;0;0;0;0;0;0;2;1;0;1;0;0;1;0;0;0;4;1;0;0;0;0;14;0;0;0;5;0;0;0;0;0;0;0;0;0;0;1;0;0;0;3;1;0;0;0;1;2;0;1;0;1;0;11;0;0;0;0;2;0;0;0;0;0;1;0;0;0;1;0;1;2;0;0;1;0;0;0;0;0;0;0;0;75
catapecchia;civil (place);0;0;4;0;0;0;0;0;2;1;0;0;2;0;0;0;0;0;0;0;2;0;0;2;0;2;0;2;1;0;0;1;4;0;3;1;1;0;0;3;1;0;1;2;0;7;1;0;0;2;0;5;1;9;4;0;4;0;5;0;0;0;2;0;2;0;0;1;1;2;0;3;0;0;0;2;0;4;1;0;0;0;0;2;1;0;0;0;0;0;0;1;1;0;2;0;2;4;0;1;0;105
cattedrale;religious (place);2;3;3;1;0;0;4;3;8;2;0;4;12;6;0;0;0;3;0;3;2;0;6;1;0;5;4;4;3;0;0;2;2;4;7;20;0;0;0;1;18;2;4;0;5;1;2;4;0;0;3;2;1;2;7;2;10;1;1;5;1;7;1;8;1;2;0;3;1;5;1;2;1;2;2;0;2;1;5;8;3;1;2;6;8;0;14;10;0;4;2;1;8;16;1;0;5;5;1;2;3;330
cenobio;religious (place);0;0;0;0;0;0;19;0;0;0;0;0;0;1;0;0;1;0;0;0;0;0;0;0;2;0;0;0;2;0;0;0;3;0;14;4;2;1;0;0;0;0;2;0;0;0;0;1;0;0;0;0;0;0;1;0;0;1;0;0;0;0;0;0;0;0;0;0;0;0;2;0;0;1;0;0;1;0;0;0;0;0;0;0;1;0;0;0;0;0;0;1;0;0;0;0;0;0;0;0;0;60
certosa;religious (place);0;2;1;0;0;0;1;3;7;0;0;1;0;0;10;0;0;4;0;0;0;0;0;0;1;3;6;2;0;0;0;0;2;0;0;5;0;0;0;0;0;0;0;0;0;1;0;1;0;0;0;0;0;1;0;0;0;0;1;0;1;0;0;0;0;0;2;0;0;0;6;0;0;3;0;0;0;0;0;0;0;1;0;0;0;0;0;1;0;0;0;2;0;1;0;0;0;1;0;1;1;72
chalet;rural (place);0;0;0;0;0;0;0;0;0;0;0;0;0;0;0;0;0;0;0;0;0;0;0;0;0;0;0;0;0;0;0;0;0;0;0;0;0;0;0;0;0;0;3;0;0;0;0;0;0;0;0;1;0;0;0;0;0;0;2;0;0;1;0;0;38;3;17;0;0;0;0;0;0;3;1;0;0;0;0;0;0;1;0;1;1;0;0;1;0;0;0;0;0;0;0;0;0;0;0;0;0;73
chiesa;religious (place);66;24;90;76;82;25;143;99;258;119;44;329;181;80;61;77;10;200;17;42;55;86;71;129;244;407;114;174;264;63;286;56;230;148;377;126;149;156;66;155;172;94;272;94;53;266;159;194;55;104;44;246;104;178;157;270;108;101;181;253;266;275;136;339;232;154;296;119;289;151;153;335;117;82;207;298;233;87;130;272;197;215;107;165;128;147;66;161;61;145;77;162;180;247;68;97;75;210;27;118;181;15489
chiesuola;religious (place);0;0;2;3;0;0;0;0;1;1;1;0;6;3;0;0;0;1;0;0;1;0;0;0;0;21;1;2;1;0;0;5;11;1;2;2;1;0;0;0;4;4;8;3;0;5;3;2;1;4;0;1;0;0;3;8;1;1;5;1;1;1;2;3;1;0;0;3;0;0;7;2;1;5;1;17;3;0;0;1;2;2;1;4;1;3;0;0;1;0;0;1;0;0;1;0;1;0;0;1;0;186
chiosco;commercial (place);0;0;1;0;0;0;0;0;0;0;0;0;0;0;0;0;0;0;0;0;1;0;2;0;0;0;0;0;3;0;4;0;0;1;0;1;1;0;2;1;0;1;4;0;0;5;0;3;0;3;0;2;7;0;2;2;1;1;0;5;2;3;0;0;3;0;0;0;6;0;5;2;13;2;0;1;7;1;2;3;0;10;1;0;4;3;0;6;2;2;0;0;8;1;4;0;1;2;2;2;0;151
chiostro;religious (place);20;0;9;4;2;0;8;5;12;4;0;29;3;1;6;7;0;13;3;1;3;2;0;5;0;9;0;9;9;9;11;3;11;4;83;8;11;7;0;4;5;7;12;6;1;18;2;1;4;0;0;2;0;2;4;1;3;7;0;16;0;7;5;6;2;4;0;2;0;3;0;3;5;2;3;5;0;1;3;6;1;3;2;0;11;0;6;5;1;2;1;1;0;4;3;6;3;1;0;3;0;516
cimiciaio;civil (place);0;0;0;0;0;0;0;0;0;0;0;0;0;0;0;0;0;0;0;0;0;0;0;0;0;0;0;0;0;0;0;0;0;0;0;0;0;0;0;0;0;0;0;0;0;0;0;0;0;0;0;0;0;0;0;0;0;0;0;0;0;0;0;0;0;0;0;0;0;0;0;0;0;0;0;0;0;0;0;0;0;0;0;0;0;0;0;0;0;0;1;0;0;0;0;0;0;0;0;0;0;1
cimitero;religious (place);0;0;20;4;2;1;4;0;5;7;2;20;10;11;3;6;1;0;1;3;5;0;1;2;1;8;4;3;23;1;5;4;8;10;2;21;9;20;24;7;11;14;7;7;3;8;37;11;5;6;5;13;7;6;11;62;18;6;17;15;10;22;15;13;7;23;25;12;5;25;9;3;25;6;12;4;4;14;7;5;7;30;11;10;14;2;4;7;4;12;3;6;4;30;2;12;12;5;0;5;5;958
cinema;commercial (place);0;0;0;0;0;0;0;0;0;0;0;0;0;0;0;0;0;0;0;0;0;0;0;0;0;0;0;0;0;0;0;0;0;0;0;0;0;0;0;0;0;0;0;0;0;0;0;0;0;0;0;0;0;0;0;0;0;0;0;0;0;0;0;0;0;0;0;0;0;0;0;0;0;0;0;0;0;0;0;0;0;0;0;0;0;0;0;0;0;0;0;0;0;1;0;0;1;0;2;1;2;7
circo;commercial (place);1;0;0;0;0;0;7;2;1;1;0;0;0;0;1;1;0;0;0;0;0;0;0;0;0;0;2;0;2;2;1;1;0;0;2;2;5;0;0;0;0;1;0;0;26;2;0;2;0;1;0;2;0;24;0;0;11;4;2;8;2;0;7;3;1;1;12;3;2;0;0;21;1;0;2;2;3;22;15;0;1;0;0;1;5;0;2;1;5;3;0;0;18;2;0;1;1;2;1;2;2;258
circolo;commercial (place);1;1;6;7;1;1;4;4;20;19;1;15;4;7;9;3;1;7;1;11;10;11;7;2;1;5;6;13;1;3;1;8;10;5;8;4;5;1;8;4;3;7;3;6;11;10;7;7;7;6;7;9;4;11;20;14;8;6;21;23;19;21;4;10;21;11;7;17;16;7;31;20;19;6;31;9;17;36;25;13;5;3;13;18;9;14;5;12;5;2;5;2;21;8;14;22;3;11;17;9;4;968
circolo_ufficiali;military (place);0;0;0;0;0;0;0;0;0;0;0;0;0;0;0;0;0;0;0;0;0;0;0;0;0;0;1;0;0;0;0;0;0;0;0;0;0;0;0;0;0;0;0;0;0;0;0;0;0;0;0;0;0;0;0;0;0;0;0;0;0;0;0;0;0;0;0;0;0;0;0;0;0;0;0;0;0;0;1;0;0;0;0;0;0;0;0;0;0;0;0;0;0;0;0;0;0;0;0;0;0;2
cittadella;military (place);0;0;2;0;0;0;1;2;2;0;0;2;2;1;1;0;0;0;0;3;3;3;1;0;1;3;2;1;1;12;1;1;3;9;1;8;12;5;0;1;1;0;5;5;9;0;2;0;2;3;0;1;0;0;1;0;1;1;0;2;1;0;0;2;0;1;5;1;8;52;1;0;0;1;0;1;0;0;0;0;2;0;0;1;2;0;2;0;4;0;2;1;1;0;0;1;2;1;0;0;0;209
clinica;public (place);0;0;0;0;0;0;0;0;0;0;0;0;0;0;0;0;0;0;0;0;0;0;2;0;0;0;1;0;2;0;0;0;0;0;2;0;0;0;1;3;0;0;0;0;0;0;0;0;0;0;0;2;0;0;1;0;0;1;3;0;2;0;0;1;2;0;1;1;1;0;0;0;1;1;0;2;2;0;0;0;0;0;0;1;0;1;2;2;0;0;3;0;2;3;0;0;0;2;0;1;3;52
club;public (place);1;0;0;0;0;0;0;0;0;1;0;0;1;0;0;0;0;4;0;0;2;2;0;0;0;5;2;0;0;0;0;0;6;0;0;0;1;0;2;0;0;2;0;1;1;0;3;12;0;2;7;6;0;0;2;12;1;0;17;1;3;1;3;2;2;7;3;0;15;4;7;4;2;5;9;3;7;2;3;8;0;0;9;5;2;3;2;0;1;5;0;0;2;6;0;0;2;1;6;0;0;228
collegiata;religious (place);0;0;1;0;0;0;0;0;0;0;0;0;2;0;0;0;0;0;0;0;0;0;1;0;0;6;3;0;1;0;0;0;0;0;0;0;0;0;0;0;0;0;3;0;0;0;0;0;0;0;0;0;0;0;0;0;0;0;1;0;0;0;0;0;0;0;0;0;0;0;0;0;0;0;0;0;0;0;0;0;0;0;0;0;0;4;0;0;0;0;0;0;0;0;0;1;0;0;0;0;0;23
collegio;public (place);2;0;5;2;2;1;2;13;6;2;0;14;15;8;0;31;3;4;3;5;2;12;5;94;2;137;2;4;13;0;9;4;15;4;7;11;13;61;2;12;14;6;39;8;19;68;11;12;10;25;20;2;37;60;4;30;10;9;33;31;14;6;16;10;23;33;8;8;2;4;2;25;3;17;11;11;14;9;2;2;32;8;71;33;5;27;3;3;4;9;6;4;8;16;19;9;4;9;8;5;13;1491
commissariato;public (place);0;0;0;0;0;0;0;0;0;0;0;0;0;0;0;0;3;0;3;1;0;2;0;0;0;0;1;0;0;0;1;0;0;0;2;0;1;0;0;0;0;0;2;0;0;0;0;0;0;0;0;0;0;2;15;0;1;0;0;0;0;1;0;0;0;0;0;0;0;0;0;0;0;0;1;0;0;0;0;0;1;0;1;4;0;0;0;0;2;0;0;0;0;0;0;0;0;1;0;0;0;45
confetteria;commercial (place);0;0;0;0;0;0;0;0;0;0;0;0;0;0;0;0;0;0;0;0;0;0;0;0;0;0;0;0;0;0;0;0;0;0;0;0;0;0;0;0;0;0;1;0;0;0;0;0;0;0;0;0;0;0;0;0;0;0;0;0;0;0;0;0;0;0;1;0;0;0;0;1;0;0;2;0;0;0;0;0;0;0;0;1;0;0;0;0;1;0;1;0;0;0;0;0;0;0;0;0;0;8
confortatorio;religious (place);1;0;0;0;0;0;0;0;0;0;0;0;0;0;0;0;0;0;0;0;0;0;0;0;0;0;0;0;0;0;1;0;0;0;0;1;0;0;0;7;0;0;0;0;0;0;0;0;0;0;0;0;0;0;2;0;0;0;0;0;0;0;0;0;0;1;0;0;0;0;0;0;0;0;0;0;0;0;0;0;0;0;0;0;0;0;0;0;0;0;0;0;0;0;0;0;0;0;0;1;0;14
conigliera;industrial (place);0;0;0;0;0;0;0;0;0;0;0;0;0;0;0;0;0;3;0;0;0;0;0;0;0;0;0;0;0;0;0;0;0;0;0;0;0;0;0;0;0;0;0;0;0;0;0;0;0;0;0;0;0;1;0;0;0;0;0;0;0;0;0;0;0;0;0;0;0;0;0;0;0;0;0;0;0;0;0;0;0;0;0;0;0;0;0;0;0;0;0;0;1;0;0;1;5;1;0;0;0;12
conservatorio;public (place);0;0;0;0;0;0;0;0;0;0;0;2;0;0;0;0;1;1;0;1;0;0;1;0;0;2;0;0;0;0;0;0;0;0;31;4;1;0;0;0;0;5;0;0;11;0;0;1;0;1;0;1;0;1;2;0;0;4;0;3;2;1;0;1;0;0;3;1;1;0;1;0;0;21;0;0;0;0;9;1;0;0;0;4;2;0;1;1;1;0;0;1;0;3;0;0;0;0;0;0;0;127
consolato;public (place);3;0;2;3;8;1;1;3;15;5;2;4;13;9;7;1;0;6;1;1;4;2;0;3;5;3;4;6;23;4;19;5;2;1;4;4;10;4;3;8;3;5;3;5;2;6;3;10;0;0;4;3;1;3;4;4;18;2;5;2;5;6;2;14;4;1;1;2;1;0;1;2;4;1;0;0;6;1;1;3;1;8;4;0;0;5;2;4;2;7;3;2;3;4;0;2;1;4;1;0;0;390
convento;religious (place);21;2;10;9;5;3;26;20;62;45;18;89;51;9;24;7;0;11;7;5;8;11;19;29;13;31;10;17;85;2;74;22;38;10;77;32;26;22;0;30;23;43;34;4;33;102;5;12;5;9;4;11;1;2;35;36;10;16;8;51;6;17;9;16;64;11;5;1;0;11;16;28;4;4;16;45;15;4;33;8;5;2;9;17;4;6;1;5;4;16;11;14;22;114;4;8;12;35;5;4;6;2041
convitto;civil (place);0;0;0;0;0;0;0;0;1;0;4;0;2;0;0;0;0;0;0;0;0;0;0;2;1;0;0;1;0;0;0;0;0;1;0;0;0;0;2;0;0;0;0;0;0;0;0;1;1;0;0;0;0;1;0;1;0;0;0;0;0;0;1;0;3;1;0;0;0;1;0;0;2;0;1;0;0;1;1;0;1;0;2;0;0;1;0;0;2;7;0;0;0;1;0;0;0;0;1;0;0;44
corderia;industrial (place);0;0;0;0;0;0;0;0;0;0;0;0;0;0;0;0;0;0;0;0;0;0;0;0;0;0;0;1;0;0;0;0;0;0;0;0;1;0;0;0;0;0;0;0;0;0;0;0;0;0;0;0;0;0;0;0;0;0;0;0;0;0;0;0;0;0;0;0;0;0;0;0;0;0;0;0;0;0;0;0;0;0;0;0;0;0;0;0;0;0;0;0;0;0;0;0;0;0;0;0;0;2
corte;civil (place);77;39;23;71;44;0;42;42;207;62;26;25;30;15;31;7;7;105;8;20;42;63;8;52;50;159;83;55;25;36;73;24;80;43;120;21;64;27;63;12;49;13;24;34;55;54;17;63;15;47;11;25;18;29;20;42;32;47;36;76;51;32;30;86;87;28;18;6;42;78;53;51;18;33;36;26;60;22;58;24;35;49;18;52;14;18;30;17;20;16;9;11;29;64;26;80;20;27;20;11;31;4124
cortile;public (place);14;5;34;27;30;3;13;7;32;11;28;25;15;14;10;6;0;2;0;2;22;7;5;21;11;46;9;44;28;1;11;5;34;8;7;24;16;9;33;17;11;6;8;23;13;46;22;31;23;10;20;126;13;44;11;20;39;9;25;15;18;55;18;28;15;26;11;23;10;62;17;42;18;20;6;37;19;8;10;21;47;13;27;11;7;24;13;29;7;45;24;12;8;29;58;20;22;3;7;15;32;2068
cotonificio;industrial (place);0;0;0;0;0;0;0;0;0;0;0;0;0;0;0;0;0;0;0;0;0;0;0;0;0;0;0;0;0;0;0;0;0;0;0;0;0;0;0;0;0;0;0;0;0;0;0;0;0;0;0;0;0;0;0;2;0;0;0;0;0;0;0;0;0;0;0;0;0;0;0;0;0;0;0;0;0;0;0;0;0;0;0;0;0;0;0;0;1;0;0;0;0;0;0;0;0;0;0;1;0;4
cottage;civil (place);0;0;0;0;0;0;0;0;0;0;0;0;0;0;0;0;0;0;0;0;0;0;0;0;0;0;0;0;0;0;0;0;0;0;0;0;0;0;0;0;0;0;1;0;0;0;0;1;0;0;0;0;0;0;1;0;0;0;0;4;0;0;0;0;0;0;0;0;0;0;0;0;0;0;0;0;0;0;0;0;0;0;9;2;0;0;0;0;0;0;0;0;0;0;0;0;0;1;0;0;1;20
covile;civil (place);0;0;7;2;0;0;0;0;2;6;0;1;1;3;1;1;1;1;0;0;0;2;1;2;1;6;0;1;1;1;0;1;0;0;0;1;1;1;0;0;2;0;0;0;3;1;2;2;0;0;1;0;0;1;0;0;0;0;2;1;0;0;0;8;0;0;0;0;0;0;0;0;0;0;0;1;0;0;1;0;0;0;0;0;0;0;1;0;0;0;1;0;1;0;0;0;0;0;0;0;0;73
covo;civil (place);0;0;0;0;0;0;0;0;4;1;0;0;1;0;2;0;0;1;0;1;1;1;0;1;0;10;0;6;3;0;2;2;3;4;5;4;1;6;0;2;1;1;1;7;3;2;3;0;1;0;0;3;1;0;3;0;0;1;2;1;1;3;2;7;1;0;4;0;2;4;3;0;1;1;1;0;2;3;1;0;3;1;1;7;3;1;2;1;4;0;2;1;5;0;0;2;4;1;0;0;11;176
crematorio;religious (place);0;0;0;0;0;0;0;0;0;0;0;0;0;0;0;0;0;0;0;0;0;0;0;0;0;0;0;0;0;0;0;0;0;0;0;0;0;0;0;0;0;0;0;0;0;0;0;0;0;0;0;0;0;0;0;0;0;0;0;0;0;0;0;0;0;0;0;2;0;0;0;0;0;0;0;0;0;0;0;0;0;0;0;0;0;0;0;0;0;0;0;0;0;0;0;0;0;0;0;0;0;2
cripta;religious (place);0;0;0;0;0;0;3;0;0;0;0;0;0;0;0;0;0;0;0;0;0;0;0;0;0;0;0;0;0;0;0;0;0;0;2;1;0;0;0;0;0;0;3;0;0;0;0;0;0;0;0;0;0;0;0;3;2;1;0;0;0;0;1;0;0;0;0;0;0;2;1;2;0;0;2;0;1;0;2;0;3;0;0;0;2;0;1;0;2;0;0;0;0;0;0;1;0;0;0;0;1;36
dacia;rural (place);0;0;0;0;0;0;0;0;0;0;0;0;0;0;0;0;0;0;0;0;0;0;0;0;0;0;0;0;0;0;0;0;0;0;0;0;0;0;0;0;1;0;0;0;0;0;0;0;0;0;0;0;0;0;0;0;0;0;0;0;0;0;0;0;0;0;0;0;0;0;0;0;0;0;0;0;0;0;0;0;0;0;0;0;0;0;0;0;0;0;0;0;0;0;0;0;0;0;0;0;0;1
dammuso;civil (place);0;0;0;0;0;0;0;0;0;0;0;0;0;0;0;0;0;0;0;0;0;0;0;0;0;0;0;0;0;0;0;0;0;0;0;0;0;0;0;0;0;0;0;0;0;0;0;0;0;0;0;0;0;0;0;0;0;0;0;0;0;0;0;0;0;0;0;0;0;0;0;0;0;0;0;0;0;0;0;0;0;0;0;0;0;0;0;0;0;0;0;0;0;0;0;0;0;1;0;0;0;1
d√©pendance;civil (place);0;0;0;0;0;0;0;0;0;0;0;0;0;0;0;0;0;0;0;0;0;0;0;0;0;0;0;0;0;0;0;0;0;0;0;0;0;0;0;0;0;0;0;0;0;0;0;0;0;0;0;0;0;0;0;0;0;0;1;0;0;0;0;0;0;0;0;0;0;0;0;0;0;0;0;0;0;0;0;0;0;0;0;0;0;0;0;0;0;0;0;0;0;0;0;0;0;0;0;0;0;1
deposito;public (place);1;1;2;2;0;1;3;1;2;3;0;4;1;2;0;1;1;4;3;1;6;5;7;1;2;19;7;0;3;0;0;6;1;6;6;9;6;3;2;12;1;10;16;3;1;1;2;2;4;7;2;4;0;2;3;2;2;4;3;6;2;6;2;3;2;6;3;0;1;1;3;1;0;2;1;4;3;1;3;4;3;1;2;6;0;3;5;3;3;0;0;0;3;8;2;3;2;5;1;2;4;313
diga;industrial (place);0;0;0;3;1;0;0;1;0;0;0;0;0;0;0;0;0;0;2;1;0;0;0;0;0;1;0;0;1;0;0;1;0;0;1;1;2;0;4;0;2;1;1;2;0;0;0;1;0;4;2;3;1;2;2;0;0;1;0;1;2;0;0;3;0;3;0;0;0;0;5;0;0;0;1;1;1;0;0;0;3;0;1;2;2;0;3;2;4;0;2;1;0;1;1;2;2;3;3;0;2;92
distilleria;industrial (place);0;0;0;0;0;0;0;0;0;0;0;0;0;0;0;0;0;0;0;0;0;0;0;0;0;0;0;0;0;0;0;0;0;0;0;0;0;0;0;0;0;0;0;0;0;0;0;0;0;0;0;0;0;0;0;0;0;0;0;0;0;0;0;0;0;0;0;0;0;0;0;0;0;0;0;0;0;0;0;0;0;0;0;0;0;0;0;0;0;0;0;0;0;0;2;0;0;0;0;1;0;3
ditta;commercial (place);0;0;0;0;0;0;0;0;0;0;0;0;0;0;0;0;0;0;0;1;0;0;1;1;0;1;0;0;0;0;1;0;2;0;0;0;0;0;0;0;27;3;0;1;2;0;1;0;8;0;21;0;2;0;3;4;0;11;2;0;4;5;0;1;5;2;10;0;0;6;0;0;9;2;5;2;5;5;0;1;1;2;0;3;0;4;0;1;4;0;1;1;2;20;0;0;0;1;8;2;0;204
dormitorio;civil (place);0;0;1;0;0;0;0;0;0;0;0;0;0;0;0;0;0;0;0;0;0;0;1;13;0;2;0;2;4;0;0;0;0;1;0;0;0;1;0;0;1;1;3;0;0;6;0;0;3;0;0;1;0;10;1;1;5;1;1;3;0;1;3;0;2;0;1;0;0;0;0;0;0;1;1;1;1;2;2;0;0;0;7;1;0;1;5;0;0;1;0;0;1;0;0;1;0;1;1;0;0;96
drogheria;commercial (place);0;0;0;0;0;0;0;0;0;0;0;0;0;0;0;0;0;0;0;0;1;0;0;0;0;3;0;0;0;0;0;0;0;0;0;0;0;1;0;0;0;0;0;0;0;0;0;0;0;1;0;0;0;0;1;0;1;0;3;0;0;0;0;0;0;0;0;0;0;0;0;0;0;0;0;0;0;0;0;0;0;1;4;0;0;0;0;0;0;0;0;2;2;0;0;0;1;0;1;3;0;25
duomo;religious (place);2;1;2;3;0;0;2;12;29;2;1;35;26;17;4;0;1;2;1;2;12;3;3;0;3;5;16;11;8;2;2;5;19;2;7;17;1;7;0;1;8;4;9;3;1;2;5;11;0;3;9;11;2;6;7;17;6;2;7;6;26;16;1;0;1;1;4;7;3;2;3;2;6;7;0;0;10;2;2;73;7;3;0;3;9;1;3;5;1;4;12;5;6;13;0;0;3;1;2;5;0;634
edicola;commercial (place);0;0;0;0;0;0;0;0;0;0;0;0;0;0;0;0;0;0;0;0;0;0;0;0;0;1;0;0;0;1;0;0;0;0;0;0;0;0;0;0;0;0;1;0;0;1;0;0;0;0;0;0;0;0;0;0;0;0;0;0;0;0;0;0;0;0;0;0;0;0;0;0;0;1;0;0;0;0;0;0;0;0;0;0;2;1;1;0;0;0;0;0;0;0;0;1;0;7;0;3;0;20
emporio;commercial (place);0;0;1;0;0;0;1;0;0;0;0;0;0;0;0;0;0;0;1;1;0;0;0;0;0;5;1;0;0;0;0;0;0;0;0;2;0;0;0;0;3;1;0;2;0;0;0;0;1;1;0;1;0;0;0;1;0;1;0;1;0;0;0;0;0;1;0;0;1;0;0;0;0;0;0;0;6;0;0;0;0;4;0;7;0;0;1;0;0;0;0;1;1;1;0;3;1;0;0;0;0;51
eremo;religious (place);0;0;8;0;0;0;1;0;4;0;0;0;1;0;0;0;0;1;0;0;0;0;0;0;4;18;0;3;1;1;2;3;2;0;1;0;3;1;0;0;0;0;2;0;1;0;0;1;0;3;0;4;0;0;0;0;0;1;2;0;0;1;0;0;0;3;5;3;0;6;0;1;0;0;0;0;2;4;0;6;1;1;0;2;3;0;0;0;0;1;3;0;1;0;0;0;0;1;0;0;0;112
fabbrica;industrial (place);2;6;6;4;3;0;11;12;15;9;1;46;73;6;7;1;0;6;5;3;10;4;3;1;1;27;17;5;5;2;8;3;5;2;13;6;4;7;8;6;4;64;51;2;3;3;6;3;4;7;2;7;11;4;4;20;6;2;7;18;23;20;18;15;44;15;2;9;0;8;21;12;4;2;7;10;38;40;16;10;15;4;10;12;5;3;3;32;4;4;1;13;22;5;73;13;8;7;3;4;8;1144
falansterio;civil (place);0;0;0;0;0;0;0;0;0;0;0;0;0;0;0;0;0;0;0;0;0;0;0;0;0;0;0;0;0;0;0;0;0;0;0;0;0;0;0;0;0;1;0;0;0;0;0;0;0;0;0;0;0;0;0;0;0;0;0;0;0;0;0;0;0;0;0;1;0;0;0;0;0;0;0;0;1;0;0;0;0;0;0;0;0;0;0;0;0;0;0;0;0;0;0;0;0;0;0;0;0;3
famedio;religious (place);0;0;0;0;0;0;0;0;0;0;0;0;0;0;0;0;0;0;0;0;0;0;0;0;0;0;0;0;0;0;0;0;0;0;0;0;0;0;0;0;0;0;0;0;0;0;0;0;0;0;0;0;0;0;0;0;0;0;0;0;0;0;0;0;0;0;0;0;0;0;0;0;0;0;0;0;0;1;0;0;0;0;0;0;0;0;0;0;0;0;0;0;0;0;0;0;0;0;0;0;0;1
farmacia;public (place);0;0;1;0;0;0;1;6;0;3;0;0;0;0;0;0;0;0;0;0;0;1;0;1;2;6;1;3;0;0;0;1;17;2;6;6;0;0;7;4;0;2;3;1;2;4;0;0;1;3;2;18;5;19;4;4;2;0;24;4;0;5;4;2;1;38;1;7;11;7;2;5;1;5;5;1;2;5;1;2;0;4;8;0;8;11;1;3;5;3;3;9;15;2;4;4;4;3;1;0;12;371
fattoria;rural (place);0;0;0;0;0;0;0;0;0;1;0;0;0;0;1;0;0;2;0;0;0;2;0;3;0;1;0;3;0;1;0;1;2;3;1;0;1;77;0;4;0;1;5;2;0;6;1;0;0;2;12;0;5;8;0;7;8;0;2;0;1;0;0;2;2;0;0;2;2;2;1;0;0;1;0;4;7;4;6;3;2;0;4;1;1;0;4;1;3;4;5;0;1;8;1;8;2;1;1;3;3;252
ferramenta;commercial (place);0;0;0;0;1;0;0;0;0;0;0;0;1;0;0;0;0;0;0;0;0;0;0;0;0;2;0;1;0;0;1;0;0;0;0;1;1;0;0;0;0;0;0;0;0;0;0;0;0;1;0;0;0;1;0;0;0;0;0;0;0;1;0;1;1;2;2;0;0;0;1;1;0;0;1;0;1;0;0;0;0;0;0;0;0;0;0;0;1;0;0;1;0;0;0;0;0;0;0;0;0;23
ferriera;industrial (place);0;0;0;0;1;0;0;0;1;0;0;0;1;0;0;0;0;0;0;0;0;0;0;0;0;0;0;0;0;0;0;0;0;0;0;0;0;0;0;0;0;1;2;0;0;0;0;0;0;0;0;0;0;4;0;0;0;1;0;0;0;0;0;0;0;0;0;0;2;0;2;0;0;0;0;0;0;0;0;0;0;0;0;0;2;0;0;0;2;0;0;0;0;0;1;0;0;0;0;1;0;21
fienile;rural (place);1;0;0;0;0;1;0;0;0;0;0;0;0;0;1;0;0;0;0;0;0;0;0;0;0;2;0;2;1;0;0;0;2;0;0;0;0;0;0;0;0;0;0;0;0;3;1;2;2;2;0;7;3;2;2;1;11;1;2;5;0;0;0;6;0;1;0;0;0;4;10;3;14;0;0;1;15;1;1;1;0;1;0;0;0;0;0;0;2;0;1;0;0;7;1;2;5;2;0;1;1;134
fiera;public (place);7;2;25;19;14;3;24;8;35;27;6;18;10;7;16;6;6;55;3;13;9;5;4;6;8;34;8;39;18;21;14;19;20;16;28;20;21;32;7;12;18;14;5;13;19;25;13;26;12;29;23;23;17;10;10;16;20;5;20;29;17;16;21;29;8;16;6;12;30;13;28;17;12;5;20;10;33;9;14;15;17;29;9;30;22;10;10;9;16;10;8;12;23;14;5;13;14;12;8;9;15;1618
filatoio;industrial (place);0;0;0;1;0;0;0;0;0;0;0;0;5;1;0;0;0;0;0;0;0;0;0;0;0;5;0;2;0;0;0;0;0;1;0;0;0;0;0;0;0;3;5;0;0;2;0;0;0;10;0;0;0;0;0;1;0;0;0;1;0;0;2;1;0;0;0;0;0;1;0;0;0;0;0;0;1;0;0;0;1;0;0;0;2;0;0;0;0;0;0;0;0;0;0;0;2;0;0;0;0;47
fioreria;commercial (place);0;0;0;0;0;0;0;0;0;0;0;0;0;0;0;0;0;0;0;0;0;0;0;0;0;2;0;0;0;0;0;0;0;0;0;0;0;0;0;0;0;0;0;0;0;0;0;0;0;0;0;0;0;0;0;0;0;0;0;0;0;0;0;0;0;0;0;0;0;0;0;0;0;0;0;0;0;0;0;0;0;0;0;0;0;0;0;0;0;0;0;0;0;0;0;0;0;0;0;0;0;2
fondaco;public (place);0;0;1;1;0;0;0;0;0;0;0;0;1;2;0;0;0;20;0;0;8;1;0;0;0;4;5;1;0;0;0;0;2;0;3;2;1;1;17;4;1;3;4;0;1;0;0;0;0;0;4;1;0;0;5;0;0;0;1;0;0;2;3;5;0;0;51;0;0;10;1;0;0;0;0;1;1;4;0;0;0;0;2;1;0;0;3;0;0;0;0;0;0;12;0;0;1;1;0;1;0;193
fonderia;industrial (place);0;0;0;0;0;0;0;0;0;0;0;0;0;0;0;0;0;0;2;1;0;0;0;0;0;2;0;0;0;0;0;0;0;0;0;1;1;0;1;0;0;7;0;0;0;0;13;0;0;0;0;0;0;0;0;1;0;0;0;0;0;0;0;0;0;0;0;0;0;0;0;0;0;1;0;0;0;0;1;0;0;0;0;0;3;0;1;0;1;0;0;0;0;0;4;0;0;0;0;0;0;40
foresteria;civil (place);0;0;0;8;0;0;0;0;1;0;0;0;0;0;2;0;0;0;0;0;0;0;2;1;0;4;0;0;0;0;0;0;0;0;3;0;1;0;0;0;0;0;0;0;0;0;0;1;0;0;0;0;0;0;0;0;0;1;0;0;0;0;0;0;0;0;0;0;0;0;0;1;0;0;0;0;0;0;0;0;0;0;0;0;0;0;0;0;1;0;0;0;0;1;0;1;0;0;0;0;0;28
fornace;industrial (place);4;0;0;1;0;0;0;0;3;4;0;1;0;1;0;4;0;1;0;0;0;1;1;1;2;5;9;5;3;0;2;2;2;0;12;2;0;4;1;0;0;5;4;3;0;2;4;0;1;0;0;2;2;0;1;5;3;1;20;6;2;1;2;0;0;2;0;2;0;2;8;3;3;2;0;0;7;0;2;5;0;0;0;2;9;0;0;1;0;0;3;1;4;0;2;3;0;4;1;0;3;204
foro;public (place);2;1;1;7;2;1;4;10;15;8;0;0;2;3;1;0;1;3;1;0;1;1;2;5;1;16;1;10;0;10;5;7;3;3;12;2;7;1;4;3;7;1;2;1;10;2;1;1;0;0;1;2;4;7;8;57;3;4;4;6;1;0;0;4;1;3;3;3;0;3;4;5;9;0;4;10;5;4;6;1;4;4;11;6;9;0;2;0;1;0;2;3;3;5;4;1;10;7;0;1;6;422
fortezza;military (place);7;5;13;12;8;0;3;8;28;4;3;18;20;5;6;8;4;5;3;13;0;7;7;5;18;11;14;25;14;15;14;5;13;47;38;6;32;15;7;21;9;4;5;5;15;8;8;4;3;14;0;16;2;5;1;0;8;3;9;16;5;2;2;3;2;7;2;1;1;11;3;2;2;1;5;1;3;2;1;2;2;3;3;6;5;0;5;4;2;10;10;0;3;0;1;1;1;8;1;1;0;746
fortificazione;military (place);0;1;0;1;2;0;0;1;2;3;0;9;2;0;0;2;2;0;0;0;1;0;0;0;4;7;1;0;0;2;1;0;6;2;3;5;3;0;0;1;1;2;4;0;0;1;0;0;0;2;0;1;0;0;0;3;1;2;0;3;0;0;0;1;0;0;0;0;0;0;0;0;0;0;0;0;1;0;1;0;2;0;0;1;0;0;0;1;0;0;0;0;1;1;0;0;0;2;0;0;0;92
fortino;military (place);0;0;7;0;0;0;0;0;0;0;0;0;9;0;0;0;1;0;0;1;1;0;0;0;0;0;0;0;0;0;0;0;0;2;0;0;0;0;0;0;1;0;1;0;0;1;1;0;0;1;0;2;0;0;0;1;0;0;0;0;0;1;8;0;0;0;49;3;0;1;0;0;0;0;0;0;0;0;0;0;0;0;0;0;0;0;0;0;0;0;0;0;11;0;0;0;0;0;0;0;0;102
fossato;military (place);0;0;0;2;5;0;1;2;6;24;0;0;4;3;0;1;0;2;0;2;0;1;0;0;1;2;0;4;0;0;0;0;2;1;1;1;3;0;2;3;1;1;0;0;0;5;6;1;0;1;4;2;0;2;3;1;2;0;0;1;0;6;0;5;1;2;3;3;3;2;3;0;0;4;1;6;6;1;5;0;2;1;0;0;7;2;1;3;1;1;0;0;1;1;1;2;3;3;0;0;1;184
frantoio;industrial (place);0;0;0;0;0;0;0;0;0;0;0;0;0;0;0;0;0;0;0;0;0;0;0;0;0;0;0;0;0;0;0;0;0;0;0;0;0;0;0;0;0;0;0;0;0;0;0;0;0;0;0;0;1;0;0;0;0;0;0;0;0;0;0;0;0;0;0;0;0;0;1;2;0;0;0;1;0;0;0;0;0;0;0;0;0;0;0;1;0;0;0;0;0;0;0;1;2;0;0;0;0;9
friggitoria;commercial (place);0;0;0;0;0;0;0;0;0;0;0;0;0;0;0;0;0;0;0;0;0;0;0;0;0;0;0;0;0;0;0;0;0;0;0;0;0;0;0;0;0;0;0;0;0;0;0;0;0;0;0;0;0;0;0;0;0;0;0;0;0;0;0;0;0;0;0;0;0;0;0;0;0;0;0;0;0;0;0;0;0;0;0;0;0;0;0;0;0;0;0;0;0;0;0;0;0;0;0;1;0;1
fucina;industrial (place);3;0;2;2;3;0;0;1;5;1;0;0;0;0;4;1;0;0;0;1;0;0;0;2;0;0;0;4;2;1;1;2;0;0;0;1;1;0;1;0;1;13;1;0;1;0;2;0;1;0;0;0;0;1;1;2;0;0;1;1;1;0;1;1;0;0;0;1;0;0;18;2;0;0;4;0;1;0;0;1;1;1;0;1;4;0;0;0;1;1;2;0;2;0;1;0;0;0;1;0;0;108
fumeria;commercial (place);0;0;0;0;0;0;0;0;0;0;0;0;0;0;0;0;0;0;0;0;0;0;0;0;0;0;0;0;0;0;0;0;0;0;0;0;0;0;0;0;0;0;0;0;0;0;0;0;0;0;0;0;0;0;0;0;0;0;0;0;0;0;0;0;0;0;0;0;0;0;0;0;0;0;0;0;0;0;0;0;0;0;0;0;0;0;0;0;0;0;0;0;0;0;0;0;0;0;1;0;0;1
fureria;military (place);0;0;0;0;0;0;0;0;0;0;0;0;0;0;0;0;0;0;0;0;0;0;0;0;0;0;0;0;0;0;0;0;0;0;0;0;0;0;0;0;0;0;0;0;0;0;0;0;0;0;0;0;0;0;0;0;0;0;0;0;0;0;0;0;0;0;0;0;0;0;0;0;0;0;0;0;0;0;0;0;0;0;0;0;0;0;0;0;0;0;4;0;0;0;0;0;0;0;0;0;0;4
garage;public (place);0;0;0;0;0;0;0;0;0;0;0;0;0;0;0;0;0;0;0;0;0;0;0;0;0;0;0;0;0;0;0;0;0;0;0;0;0;0;0;0;0;0;0;0;0;0;0;0;0;0;0;0;0;0;0;0;0;0;0;0;0;0;0;0;0;0;0;0;0;0;0;0;0;0;0;0;0;0;1;0;0;0;0;4;0;2;1;3;3;0;0;0;0;0;0;0;1;0;0;0;1;16
garitta;military (place);0;0;0;0;0;0;0;0;0;0;0;0;0;0;0;0;0;0;0;0;0;0;0;0;0;0;0;0;0;0;0;0;0;0;0;0;0;0;0;0;0;0;0;0;0;0;0;0;0;0;0;0;0;0;0;0;0;1;0;0;0;0;0;0;0;0;0;0;0;0;0;0;0;0;0;1;1;0;0;0;0;0;0;0;0;0;0;0;0;0;0;0;1;0;0;1;1;1;0;0;3;10
gasometro;industrial (place);0;0;0;0;0;0;0;0;0;0;0;0;0;0;0;0;0;0;0;0;0;0;0;0;0;0;0;0;0;0;0;0;0;0;0;0;0;0;0;0;0;2;0;0;0;0;0;0;0;0;0;0;0;0;0;0;0;0;0;0;0;0;0;0;0;0;0;0;0;0;0;0;0;0;0;0;0;0;0;0;0;0;0;0;0;0;0;0;0;0;0;0;0;0;0;0;0;0;0;0;0;2
giardino;civil (place);29;5;67;15;2;1;24;15;21;31;12;27;34;31;34;10;18;24;10;8;10;23;15;15;32;84;61;58;65;5;43;27;58;31;17;58;5;30;67;98;36;54;147;31;59;78;55;92;53;83;36;55;59;38;45;119;67;33;66;55;60;34;35;34;133;91;54;63;75;80;78;98;70;50;64;89;83;66;56;50;59;129;69;42;92;63;50;149;51;60;28;159;82;103;38;36;77;96;49;45;104;5425
giardino_pubblico;public (place);0;0;0;0;0;0;0;0;0;0;0;0;2;1;1;0;0;0;0;0;0;0;0;0;0;0;0;0;0;0;0;0;1;0;0;4;0;0;0;1;0;1;2;0;2;0;2;1;0;2;3;0;0;0;0;2;0;3;0;1;3;0;0;0;0;2;3;0;5;0;3;1;1;1;0;0;1;0;1;2;1;0;2;0;0;2;0;2;0;0;1;1;2;18;0;3;3;1;1;5;10;104
gioielleria;commercial (place);0;0;0;0;0;0;0;0;0;0;0;0;0;0;0;0;0;0;0;0;0;0;0;0;0;0;0;0;0;0;0;0;0;0;0;0;0;0;0;0;0;0;0;0;0;0;0;0;0;0;0;0;0;0;1;0;0;0;0;0;0;0;0;0;0;0;0;0;0;0;0;0;0;0;0;0;0;0;0;0;0;0;0;0;0;0;0;0;0;0;0;1;0;1;0;0;1;0;0;0;1;5
granaio;rural (place);0;0;0;0;1;0;2;0;1;0;0;0;0;1;1;0;0;0;0;1;0;0;0;0;0;5;1;4;5;0;1;3;0;0;0;0;3;3;0;1;2;3;0;3;3;2;0;0;0;9;1;2;6;1;0;3;1;0;0;4;0;1;0;3;1;3;0;1;3;3;5;1;0;0;0;2;1;0;0;0;2;0;0;0;0;1;5;0;0;2;1;2;2;6;0;1;0;5;0;1;0;125
grande_magazzino;commercial (place);0;0;0;0;0;0;0;0;0;0;0;0;0;0;0;0;0;0;0;0;0;0;1;0;0;0;0;0;0;0;0;0;0;0;0;0;0;1;0;0;0;0;0;0;0;0;0;0;0;0;0;0;0;0;0;0;1;2;0;0;0;0;0;0;0;0;0;1;0;1;0;1;1;0;0;1;0;0;0;0;0;0;0;1;1;1;0;0;1;1;0;1;0;0;0;0;1;0;0;1;0;18
grangia;religious (place);0;0;0;0;0;0;0;0;0;0;0;0;0;0;0;0;0;0;0;0;0;0;0;0;0;0;0;0;0;0;0;0;0;0;0;0;0;0;0;0;0;0;0;0;0;0;0;0;0;0;0;0;0;0;0;0;1;0;0;0;0;0;0;0;0;0;0;0;0;0;0;0;0;0;0;0;0;0;0;0;0;0;0;0;0;0;0;0;0;0;0;0;0;0;0;0;0;0;0;0;0;1
grattacielo;civil (place);0;0;0;0;0;0;0;0;0;0;0;0;0;0;0;0;0;0;0;0;0;0;0;0;0;0;0;0;0;0;0;0;0;0;0;0;0;0;0;0;0;0;0;0;0;0;0;0;0;0;0;0;0;0;0;0;0;0;0;0;0;0;0;0;0;0;0;0;0;0;0;0;0;0;0;0;0;0;0;0;0;0;0;0;0;0;0;0;0;0;0;6;0;0;0;0;0;0;0;2;0;8
grattanuvole;civil (place);0;0;0;0;0;0;0;0;0;0;0;0;0;0;0;0;0;0;0;0;0;0;0;0;0;0;0;0;0;0;0;0;0;0;0;0;0;0;0;0;0;0;0;0;0;0;0;0;0;0;0;0;0;0;0;0;0;0;0;0;0;0;0;0;0;0;0;0;0;0;0;0;0;0;0;0;0;0;0;0;0;0;0;1;0;0;0;0;0;0;0;0;0;0;0;0;0;0;0;0;0;1
guardiola;military (place);0;0;0;0;0;0;0;0;0;0;0;0;0;0;0;0;0;0;0;0;0;0;0;0;0;0;0;0;0;0;2;0;1;0;0;0;0;0;0;0;0;0;0;0;0;0;0;0;1;0;0;1;0;0;0;0;0;0;0;0;0;0;0;0;0;0;0;0;0;0;0;0;0;0;0;4;0;0;0;0;0;0;0;0;0;0;0;0;0;0;0;0;0;0;0;0;0;1;0;0;0;10
hangar;military (place);0;0;0;0;0;0;0;0;0;0;0;0;0;0;0;0;0;0;0;0;0;0;0;0;0;0;0;0;0;0;0;0;0;0;0;0;0;0;0;0;0;0;0;0;0;0;0;0;0;0;0;0;0;0;0;0;0;0;0;0;0;0;0;0;0;0;0;0;0;0;0;0;0;0;0;0;0;0;0;0;0;0;1;52;0;0;0;1;0;0;0;0;0;0;0;0;1;0;0;0;1;56
hotel;commercial (place);0;0;0;0;0;0;0;0;0;1;0;0;0;0;0;1;0;0;0;0;0;0;0;0;0;0;0;0;0;0;0;0;0;0;0;0;0;0;0;0;0;0;0;0;0;0;2;0;0;0;0;0;0;0;0;0;0;2;8;14;0;0;0;1;0;0;0;0;2;0;2;0;2;0;6;0;0;2;1;5;1;0;21;0;1;2;0;0;3;0;0;0;0;0;0;1;0;24;0;0;0;102
isba;rural (place);0;0;0;0;0;0;0;0;0;0;0;0;0;0;0;0;0;0;0;0;0;0;0;0;0;0;0;0;0;0;0;0;0;0;0;0;0;0;0;0;0;0;0;0;0;0;0;0;0;0;0;0;0;0;0;0;0;0;0;0;0;0;0;0;0;0;0;0;0;0;0;0;0;0;0;0;0;0;0;0;0;0;0;0;0;0;0;0;0;0;0;0;0;0;0;0;0;0;1;0;0;1
istituto_di_credito;commercial (place);0;0;0;0;0;0;0;0;0;0;0;0;0;0;0;0;0;0;0;0;0;0;0;0;0;0;0;0;0;0;0;0;0;0;0;0;0;0;0;0;0;0;1;0;0;0;0;0;0;1;0;0;0;0;0;0;0;0;0;0;0;3;0;0;0;2;0;0;0;0;0;1;1;0;0;0;0;0;0;0;0;0;0;1;0;0;0;0;0;0;0;0;0;0;0;0;0;0;0;0;0;10
istituto_scolastico;educational (place);0;0;0;0;0;0;0;0;0;0;0;0;0;0;0;0;0;0;0;0;0;0;0;0;0;0;0;0;0;0;0;0;0;0;0;0;0;0;0;0;0;0;0;0;0;0;1;0;0;0;0;0;0;0;0;0;0;0;0;0;0;0;0;0;0;0;0;0;0;0;0;0;0;0;0;0;0;0;0;0;0;0;0;0;0;0;0;0;0;0;0;0;0;0;0;0;0;0;0;0;0;1
laboratorio;industrial (place);0;0;0;0;0;0;9;2;0;9;0;0;0;0;0;6;0;0;0;0;0;0;0;1;0;1;1;1;0;8;0;0;2;1;0;3;1;0;5;0;4;3;1;0;0;0;0;0;0;0;0;0;1;0;0;1;0;3;1;2;2;0;0;2;0;1;0;8;1;0;1;0;39;4;9;38;3;18;5;1;3;4;5;1;5;0;0;6;1;0;2;0;5;5;2;1;31;2;5;1;5;282
laminatoio;industrial (place);0;0;0;0;0;0;0;0;0;0;0;0;0;0;0;0;0;0;0;0;0;0;0;0;0;0;0;0;0;0;0;0;0;0;0;0;0;0;0;0;0;2;1;0;0;0;0;0;0;0;0;0;0;0;0;0;0;0;0;0;0;0;0;0;0;0;0;0;0;0;0;0;0;0;0;0;0;0;0;0;0;0;0;0;1;0;0;0;0;0;0;0;0;0;0;0;0;0;0;0;0;4
lanificio;industrial (place);0;0;0;0;0;0;1;0;0;0;0;0;0;0;0;0;0;0;0;0;0;0;0;0;0;0;1;0;0;0;0;0;0;0;0;0;0;0;0;2;14;1;0;0;0;0;0;0;0;0;0;0;0;0;0;5;3;0;0;0;0;0;0;1;0;0;0;0;2;0;0;0;0;0;0;0;0;0;0;0;0;0;0;0;0;0;0;1;0;0;0;0;0;0;0;0;0;0;0;0;0;31
latteria;commercial (place);0;0;0;0;0;0;0;0;0;0;0;0;0;0;0;0;0;0;0;0;0;0;0;0;0;0;0;0;0;0;0;0;0;0;0;0;0;0;0;0;0;1;0;0;0;0;0;0;0;0;0;0;0;0;0;0;0;0;0;0;0;0;0;0;0;0;0;0;0;1;0;0;0;0;1;0;0;0;0;0;2;1;0;0;0;0;0;0;0;0;0;5;0;1;0;1;0;0;0;1;6;20
lavanderia;commercial (place);0;0;0;0;0;0;0;0;0;0;0;0;0;0;0;0;0;0;0;0;0;0;0;0;0;0;0;0;0;0;0;0;0;0;0;0;0;0;0;0;0;0;0;0;0;0;0;0;0;0;0;0;1;0;0;0;0;1;0;0;0;0;0;0;0;0;0;0;0;1;0;0;0;0;0;0;0;0;0;0;0;0;0;0;0;0;0;0;0;0;0;0;0;8;0;0;0;0;0;1;2;14
legatoria;industrial (place);0;0;0;0;0;0;0;0;0;0;0;0;0;0;0;0;0;0;0;0;0;0;0;0;0;0;0;0;0;0;0;0;0;0;0;0;0;0;0;0;0;0;0;0;0;0;0;0;0;0;0;0;0;0;0;0;0;0;0;0;0;0;0;0;0;0;0;0;0;0;0;0;0;1;0;0;0;0;0;0;0;0;0;0;0;0;0;0;0;0;0;0;0;0;0;0;0;0;0;0;0;1
legnaia;rural (place);0;0;0;0;0;0;0;0;0;0;0;0;1;0;0;0;0;0;0;0;0;0;0;0;0;3;0;0;0;0;0;1;0;0;0;0;0;0;0;0;0;0;0;0;0;0;0;0;0;6;0;0;2;0;0;0;0;1;6;0;1;0;0;0;0;2;1;0;0;0;0;1;0;0;0;1;0;0;0;0;0;0;0;0;0;1;1;0;0;0;0;0;0;2;0;0;5;0;0;1;0;36
libreria;commercial (place);0;0;0;0;1;0;1;2;0;2;0;3;3;1;0;0;2;0;0;1;3;1;2;2;2;0;3;0;1;1;1;1;0;2;0;1;1;0;5;2;1;1;0;0;0;4;0;2;5;6;1;7;3;5;0;3;12;8;6;0;1;0;1;0;2;1;0;4;1;3;1;0;1;3;0;1;0;2;1;1;0;3;0;1;1;0;3;15;2;0;1;3;0;3;1;1;1;0;0;1;2;169
locanda;commercial (place);3;3;6;11;0;0;0;8;2;1;0;1;1;0;10;0;2;0;1;0;0;3;0;5;1;14;4;1;1;0;1;0;0;0;0;8;0;7;17;4;3;0;22;1;4;1;9;6;1;2;7;1;4;10;5;10;5;2;14;0;0;2;6;1;4;3;0;0;0;3;0;7;0;6;3;0;4;4;1;0;27;1;0;0;0;1;1;1;1;2;0;1;1;6;0;9;3;5;0;0;0;325
lupanare;commercial (place);0;0;0;0;0;1;0;0;1;0;1;0;2;0;0;1;0;0;0;0;1;1;0;0;0;3;0;1;0;0;0;0;0;0;4;1;0;1;0;1;0;0;0;0;3;0;0;0;1;0;0;1;0;0;0;1;0;0;0;1;0;0;0;0;0;0;0;0;0;0;0;0;0;0;0;0;2;0;0;0;0;0;0;0;5;0;0;0;0;0;1;0;0;0;0;0;0;3;0;0;0;37
macelleria;commercial (place);0;0;0;0;0;0;0;0;0;0;0;0;0;0;0;0;0;0;0;0;0;0;0;0;0;0;0;0;0;0;0;0;0;0;0;0;0;0;0;1;0;0;0;0;1;0;0;0;0;0;0;0;0;0;0;0;0;1;0;0;0;0;0;0;0;1;0;0;0;0;0;0;0;0;0;0;0;0;0;1;0;0;0;0;1;1;0;0;0;0;0;0;1;0;0;1;0;0;0;0;0;9
macello;public (place);6;0;0;4;0;0;0;0;8;2;2;0;0;0;2;0;4;0;4;2;4;4;2;6;14;24;4;6;6;6;2;2;4;0;14;6;8;20;4;4;14;6;0;2;8;4;0;8;0;6;4;4;2;0;12;0;0;8;6;2;0;0;6;12;2;6;2;4;0;10;0;0;6;0;0;0;10;0;2;4;0;8;0;8;8;6;6;0;0;0;2;0;4;4;2;4;0;8;0;4;2;390
magazzino;industrial (place);1;0;4;0;0;0;0;1;0;2;3;0;1;0;0;5;0;1;4;3;2;0;3;2;0;9;5;1;2;1;4;2;3;6;1;7;7;4;3;16;9;16;8;1;3;1;3;2;1;2;3;9;1;3;3;2;6;6;3;12;2;10;3;8;10;2;4;2;5;14;3;28;3;3;7;6;5;1;10;8;2;1;6;10;2;5;3;6;3;3;23;5;5;32;8;2;13;5;0;2;16;483
magione;civil (place);0;0;1;1;0;0;0;1;0;1;0;1;1;0;0;0;1;0;0;0;1;0;0;0;0;3;0;2;1;2;0;3;1;0;2;2;0;0;0;0;0;2;0;0;0;0;0;0;0;0;2;0;0;0;0;0;0;1;0;0;0;1;0;0;0;0;0;0;0;0;0;0;0;0;0;0;0;0;0;0;0;0;0;0;0;0;0;0;0;1;0;0;0;0;0;0;0;0;0;0;0;31
magona;industrial (place);0;0;0;0;0;0;0;0;0;0;0;1;0;0;0;0;0;0;0;0;0;0;0;0;0;0;0;0;0;0;0;0;0;0;0;2;0;0;0;0;0;1;0;1;0;0;1;0;0;0;0;0;0;0;0;1;0;0;0;0;0;0;0;0;0;0;0;0;0;0;0;0;0;0;0;0;0;0;0;0;0;0;0;0;1;0;0;0;1;0;0;0;5;0;0;0;0;0;0;0;0;14
malga;rural (place);0;0;0;0;0;0;0;0;0;0;0;0;0;0;0;0;0;0;0;0;0;0;0;0;0;0;0;0;0;0;0;0;0;0;0;0;0;0;0;0;0;0;0;0;0;0;0;0;0;0;0;4;0;1;0;0;0;0;0;0;0;0;0;0;0;0;0;0;0;0;0;0;0;0;0;0;0;0;0;0;0;0;0;0;0;0;0;0;0;0;0;0;0;0;0;0;1;0;0;0;0;6
maneggio;public (place);16;0;4;5;15;1;0;3;19;0;3;3;7;2;0;3;1;1;0;2;4;4;1;22;5;15;1;7;0;2;1;3;4;1;7;3;3;0;2;3;4;1;0;3;0;0;0;4;0;3;4;5;0;1;9;0;6;0;1;1;1;0;4;4;2;0;0;2;2;4;1;3;6;0;3;1;0;0;1;0;0;0;0;2;0;4;0;0;0;0;1;0;1;2;0;0;2;1;2;1;0;265
manicomio;public (place);0;0;0;0;0;0;0;0;0;1;0;0;0;0;0;0;0;0;0;0;0;0;2;1;0;0;0;1;0;0;13;0;4;0;1;1;0;0;2;0;2;0;0;12;3;1;1;3;1;1;2;1;3;3;3;1;0;5;1;26;2;6;3;21;0;2;2;3;0;0;2;3;16;3;2;1;5;0;0;1;1;2;6;4;8;2;2;3;0;1;0;1;1;1;2;2;1;5;0;8;2;219
maniero;rural (place);0;0;2;0;0;0;1;0;0;0;0;0;0;0;0;0;0;1;0;0;0;0;0;0;0;0;0;0;1;0;0;0;0;0;1;0;0;0;0;0;0;0;0;0;0;1;0;0;0;0;0;0;0;0;0;1;2;0;1;0;0;0;2;1;0;0;3;0;0;0;0;1;0;0;0;0;0;1;4;0;0;0;0;0;0;0;0;0;0;0;1;0;0;0;0;0;0;0;0;0;3;27
manifattura;industrial (place);1;0;6;1;3;0;7;4;6;1;0;0;4;0;5;0;0;2;2;2;2;1;0;0;1;0;1;0;1;0;1;1;0;1;0;3;0;0;1;0;0;59;4;1;0;0;0;0;0;0;0;0;1;0;1;1;7;1;0;5;0;0;0;1;0;0;0;1;0;2;0;0;0;0;0;1;0;0;0;1;0;1;0;0;0;1;0;0;0;0;0;0;0;0;2;0;0;1;0;0;0;148
mansarda;civil (place);0;0;0;0;0;0;0;0;0;0;0;0;0;0;0;0;0;0;0;0;0;0;0;0;0;0;0;0;0;0;0;0;0;0;0;0;0;0;0;0;0;0;0;0;0;0;0;0;1;0;0;0;0;0;0;0;0;0;0;0;0;0;0;0;0;0;0;0;0;0;0;0;0;0;0;0;0;0;0;0;0;1;0;0;0;0;0;0;0;0;0;0;0;0;0;0;0;0;0;0;0;2
masseria;rural (place);0;0;0;0;0;0;0;0;2;0;0;0;4;1;2;0;0;0;0;0;0;0;0;0;0;5;0;0;0;0;6;0;0;0;0;0;0;8;0;0;0;1;0;0;0;0;0;0;0;0;0;0;5;0;0;0;1;0;0;1;0;9;0;3;1;0;1;0;0;3;0;0;2;0;0;0;0;0;1;0;0;0;0;0;0;2;0;0;0;2;0;0;0;0;5;5;1;0;0;3;0;74
mattatoio;industrial (place);0;0;0;0;0;0;0;0;0;0;0;0;0;0;0;0;0;0;0;0;0;0;0;0;0;0;0;0;0;0;0;0;0;0;0;0;0;0;0;0;0;0;0;0;0;0;0;0;0;0;0;0;0;0;0;0;0;0;0;0;0;0;0;0;0;0;1;0;0;0;0;0;0;0;0;0;0;0;0;0;0;0;0;0;0;0;0;0;0;0;0;0;0;1;0;0;0;1;0;0;0;3
mausoleo;religious (place);0;0;0;0;1;0;2;0;3;2;0;2;0;0;0;0;0;5;0;0;0;0;0;0;0;4;2;0;1;0;0;1;2;1;0;7;8;1;0;0;2;0;0;0;4;0;0;0;0;0;0;0;0;0;0;0;1;0;0;2;0;0;0;3;0;1;0;4;0;0;1;0;0;0;1;0;0;1;0;1;0;0;0;0;0;0;0;0;0;0;0;2;0;0;0;0;1;0;0;0;0;66
mensa;public (place);12;5;8;11;12;0;18;10;22;35;16;12;11;7;8;5;1;9;1;3;3;4;10;12;12;23;6;14;17;35;13;7;7;14;18;18;16;14;15;18;17;3;5;32;10;35;4;7;4;8;5;6;9;2;16;2;13;12;22;11;8;13;2;17;5;10;5;14;3;10;11;10;10;13;6;10;11;8;13;4;3;4;0;16;6;1;3;5;7;3;4;7;6;7;0;12;2;1;0;2;8;985
mercato;commercial (place);7;1;7;8;9;8;19;8;18;8;0;26;29;3;9;2;3;17;3;5;8;13;8;10;8;46;12;18;28;3;10;21;13;10;21;10;12;16;9;9;6;30;28;11;8;13;1;11;9;6;4;12;15;45;44;18;14;5;18;21;6;7;3;7;10;8;5;15;6;6;5;3;1;4;6;3;14;12;6;4;12;10;5;9;4;7;3;4;13;8;6;5;11;34;3;2;12;26;2;4;13;1118
merceria;commercial (place);0;0;0;0;0;0;0;0;0;0;0;0;0;0;1;0;0;0;0;0;0;0;0;0;1;0;1;0;0;1;0;0;0;0;2;0;1;0;0;0;0;0;0;0;0;0;0;0;0;0;0;0;3;1;1;0;3;0;0;0;0;0;0;0;0;0;0;0;0;1;0;0;0;0;0;0;0;0;0;0;0;0;0;0;0;1;0;0;1;0;0;0;0;0;0;0;2;0;0;2;0;22
mescita;commercial (place);0;0;0;0;0;0;0;0;0;0;0;0;0;0;0;0;0;0;0;0;0;0;0;0;0;0;0;0;0;0;0;0;0;0;0;0;0;0;0;0;0;0;0;0;0;0;0;0;0;0;1;0;0;0;0;0;0;0;0;0;0;0;0;0;1;0;0;0;0;0;0;0;0;0;0;0;0;0;0;0;0;0;0;0;0;0;0;0;0;0;0;0;0;0;1;0;0;0;0;0;0;3
metropolitana;public (place);0;0;0;0;0;0;0;0;2;0;1;3;0;0;0;0;0;1;0;0;0;0;0;0;0;2;1;2;0;0;0;0;1;0;1;0;0;0;0;0;0;0;0;0;1;0;1;0;0;0;0;0;0;1;0;0;0;1;0;0;0;0;0;0;0;0;0;0;0;0;0;0;0;0;0;0;0;0;0;0;0;0;0;0;0;0;0;0;3;0;0;0;0;1;0;1;0;0;0;0;0;23
miniera;industrial (place);0;0;0;1;0;0;0;0;1;0;0;0;0;0;1;0;0;0;0;0;0;4;5;0;0;0;2;0;1;1;0;0;0;0;0;1;0;2;2;0;0;2;1;1;0;1;0;0;0;3;1;2;0;0;0;0;23;0;1;5;1;0;0;3;0;0;0;0;3;3;1;2;0;0;0;1;1;0;0;0;0;3;0;1;1;0;1;0;1;0;1;3;0;2;0;1;0;2;1;0;10;103
monastero;religious (place);20;2;9;42;47;0;16;13;22;5;2;8;9;1;10;61;2;43;3;0;3;2;0;0;6;26;1;14;10;2;8;11;11;6;166;6;23;10;0;2;6;0;17;14;0;16;16;2;5;0;1;0;1;0;3;4;0;12;4;11;0;17;11;8;0;10;2;0;4;5;8;7;0;1;8;1;0;1;5;0;2;6;0;5;3;4;2;3;0;4;1;0;0;59;2;1;0;19;1;1;1;936
moschea;religious (place);0;0;1;0;0;0;1;0;2;7;0;0;0;0;0;6;0;0;0;0;0;0;0;1;0;1;0;0;0;0;1;0;0;1;1;0;0;3;0;3;0;1;0;0;0;2;0;0;0;1;0;0;0;0;0;3;0;0;0;0;1;0;0;1;1;0;0;1;0;0;0;0;0;0;0;0;0;0;17;0;0;0;0;1;0;1;0;0;2;0;0;0;0;0;0;0;0;0;1;0;0;61
mulino;rural (place);0;0;11;2;2;1;1;0;14;2;1;1;31;0;2;0;1;0;0;1;2;1;1;1;0;2;2;16;5;0;1;4;3;5;2;1;0;1;1;0;1;9;12;1;1;7;0;1;0;4;4;9;3;3;0;2;7;2;17;4;1;0;0;3;2;1;1;4;2;3;6;4;6;0;3;0;2;1;0;0;0;15;4;2;2;1;2;2;17;15;0;1;3;4;0;1;6;2;0;0;1;322
municipio;public (place);0;0;0;1;2;0;1;0;0;0;0;0;1;0;14;0;0;0;6;13;0;5;0;0;0;4;5;0;0;1;2;4;0;4;7;15;4;3;2;3;7;4;2;0;0;8;2;4;2;9;6;19;2;3;9;6;11;5;5;10;2;8;10;3;6;2;2;0;2;5;0;13;7;5;9;8;4;3;1;1;2;3;23;9;8;6;2;0;3;0;3;6;12;4;9;1;1;2;3;10;2;411
museo;public (place);3;0;3;0;2;0;0;1;0;0;0;0;0;0;1;0;2;1;1;0;0;5;4;0;1;3;3;7;1;5;1;2;1;0;13;16;3;1;1;5;1;4;5;4;0;2;2;4;0;3;27;4;0;4;5;22;4;1;4;11;5;8;0;11;0;4;4;33;9;7;13;10;6;9;4;1;2;2;1;4;1;6;0;26;12;0;10;5;0;3;5;0;6;6;0;1;9;2;2;1;5;426
negozio;commercial (place);0;0;5;7;22;2;3;9;9;6;0;1;10;12;6;2;1;1;3;6;8;34;3;11;4;11;4;8;10;0;13;2;5;2;7;25;11;9;0;8;5;5;7;25;12;8;7;4;12;6;5;22;2;11;16;1;14;8;11;12;3;7;12;11;4;3;12;1;8;4;6;17;36;14;13;16;3;14;5;32;8;22;37;10;17;3;7;7;6;7;9;12;13;7;11;10;16;10;4;13;17;940
ninfeo;religious (place);0;0;0;0;0;0;0;0;0;0;0;0;0;0;0;0;0;0;0;0;0;0;0;0;0;0;0;0;0;0;0;0;1;0;0;1;0;0;0;0;0;0;2;0;0;0;0;0;0;0;0;0;0;0;0;0;0;0;0;0;0;0;0;0;0;0;0;0;0;0;0;0;0;0;0;0;0;0;0;0;0;0;0;0;0;0;0;0;0;0;0;0;0;0;0;0;0;0;0;0;0;4
nuraghe;civil (place);0;0;0;0;0;0;0;0;0;0;0;0;0;0;0;0;0;0;0;0;0;0;0;0;0;0;0;0;0;0;0;0;0;0;0;0;0;0;0;0;0;0;0;0;0;0;0;0;0;0;0;0;0;0;0;0;0;0;0;0;0;0;0;0;0;0;0;0;0;11;0;0;0;0;0;0;0;0;0;0;0;0;0;0;0;0;0;0;0;0;0;0;0;0;0;0;0;0;0;0;0;11
nursery;civil (place);0;0;0;0;0;0;0;0;0;0;0;0;0;0;0;0;0;0;0;0;0;0;0;0;0;0;0;0;0;0;0;0;0;0;0;0;0;0;0;0;0;0;0;0;0;0;0;0;0;0;0;0;0;0;0;0;0;0;0;0;0;0;0;0;0;0;0;0;0;0;0;0;0;0;6;0;0;0;0;0;0;8;0;0;0;0;2;0;0;2;0;0;0;0;0;0;0;0;0;0;0;18
officina;industrial (place);0;0;0;2;0;0;1;8;7;6;10;2;1;1;2;2;0;1;2;4;11;1;3;2;0;3;0;1;3;5;0;3;2;2;8;3;1;2;1;3;4;18;4;1;4;4;13;0;1;2;0;2;6;3;7;2;23;1;0;4;0;2;9;9;1;3;0;16;1;2;2;0;18;2;2;4;9;10;34;1;83;5;2;25;13;1;8;4;4;2;5;2;8;2;35;1;1;1;0;0;8;537
opificio;industrial (place);0;0;0;0;0;0;1;0;0;0;0;0;3;0;0;0;0;0;0;0;0;0;1;1;0;0;2;0;1;0;0;0;0;0;4;0;1;0;0;1;0;3;11;0;0;0;2;5;0;3;0;0;3;0;3;9;1;0;0;0;0;2;0;2;0;3;1;1;0;0;2;0;2;3;0;1;9;0;1;2;0;0;0;1;2;0;0;10;2;1;0;0;0;0;3;0;0;0;0;0;0;103
oratorio;religious (place);3;1;8;1;0;0;3;4;7;0;0;11;5;3;1;1;0;4;1;1;2;2;0;8;2;73;4;3;7;1;3;4;9;2;22;0;5;0;0;3;2;1;8;0;0;2;3;0;3;1;2;0;0;8;2;0;1;4;2;13;1;2;5;8;3;3;0;1;2;15;15;3;0;3;5;2;13;2;1;0;0;4;4;5;11;0;0;2;14;3;0;0;1;1;2;1;2;2;3;2;0;397
oreficeria;commercial (place);0;0;0;0;0;0;1;0;0;0;0;0;0;0;0;0;0;0;0;0;0;0;0;0;0;0;0;0;0;0;0;0;0;0;0;0;0;0;0;0;0;1;1;0;0;2;0;0;0;0;0;0;0;0;0;0;1;0;0;1;0;0;0;0;0;0;0;0;1;1;0;1;0;0;0;0;1;0;0;0;0;0;0;1;0;0;0;0;0;0;0;0;0;0;0;0;0;0;0;0;0;12
orfanotrofio;public (place);0;0;0;0;0;0;0;0;0;1;0;0;0;0;0;0;0;0;0;0;0;0;1;0;0;0;0;0;0;0;0;0;0;0;0;0;1;1;0;2;1;1;0;0;0;0;0;0;0;0;0;0;0;0;0;0;0;0;0;0;9;6;0;0;0;0;0;0;0;0;0;1;0;1;0;0;0;0;0;0;1;0;0;0;0;0;0;0;0;1;0;0;0;0;2;0;0;0;0;0;0;29
orto_botanico;public (place);0;0;1;0;0;0;0;1;0;3;0;0;0;0;0;0;1;0;0;0;0;0;2;0;0;0;1;0;0;0;0;0;0;0;0;1;0;0;0;0;0;0;0;0;0;0;0;0;0;2;0;0;0;0;0;0;0;1;0;0;0;0;0;0;0;0;0;0;0;0;0;0;1;0;0;0;0;0;0;0;0;0;0;0;0;0;0;0;0;0;0;0;0;0;0;0;0;1;0;0;0;15
ospedale;public (place);1;1;3;3;0;0;2;73;3;5;0;0;4;0;0;2;5;4;2;7;23;2;7;4;2;6;4;4;18;4;12;3;6;0;4;4;18;5;7;3;3;10;1;6;7;5;5;17;45;2;6;23;13;22;13;7;9;11;4;13;18;29;31;8;23;6;5;4;3;8;6;6;11;16;10;8;8;3;3;2;9;3;9;12;1;2;4;17;18;7;14;3;18;25;20;6;6;31;1;23;17;927
ospedale_militare;military (place);0;0;0;0;0;0;0;1;0;0;0;0;0;0;0;0;1;0;0;0;0;0;0;0;0;0;0;0;0;0;0;0;0;0;0;1;0;0;0;0;0;0;0;0;0;0;0;0;0;0;0;0;0;2;0;0;0;1;0;0;1;0;0;0;0;0;0;0;0;2;1;0;0;0;0;0;0;0;0;0;0;0;0;0;0;0;1;0;0;0;1;0;0;0;0;0;0;0;0;0;0;12
ospizio;public (place);15;0;3;3;0;1;2;7;2;75;0;0;11;6;2;1;1;1;3;3;3;0;0;0;0;6;1;8;4;0;0;0;4;0;5;14;1;7;2;5;11;5;2;11;1;5;0;1;3;2;0;0;1;6;14;17;56;17;2;5;0;6;2;18;1;1;1;2;0;1;0;7;0;8;2;3;5;1;1;3;0;0;2;3;1;0;8;1;2;1;0;0;1;2;3;1;0;2;8;2;0;454
osservatorio_astronomico;civil (place);0;0;1;0;0;0;0;0;0;0;0;0;0;0;0;2;0;0;0;0;0;0;0;0;0;0;0;0;0;0;0;0;0;0;0;2;0;0;0;0;0;0;0;0;0;0;0;0;0;0;0;0;0;0;0;0;0;1;0;0;0;0;0;0;0;0;0;0;0;0;0;0;0;0;0;0;1;0;2;0;0;0;0;1;0;0;1;0;0;0;0;0;0;0;0;0;0;0;0;0;0;11
ostello;commercial (place);6;0;0;0;1;3;0;0;1;1;0;1;0;0;0;1;0;2;0;0;0;1;0;0;2;2;2;2;0;1;0;1;0;0;1;7;0;1;0;0;0;1;0;0;0;0;0;0;0;0;0;0;0;0;0;0;0;0;0;0;0;0;0;0;0;0;0;0;0;0;0;0;0;0;0;0;0;0;0;0;0;0;0;0;0;0;0;0;0;0;0;0;0;0;0;1;0;0;0;0;0;38
osteria;commercial (place);23;1;2;48;7;3;16;4;24;19;1;4;30;3;24;0;18;8;0;2;18;4;7;19;7;31;64;24;37;5;17;8;22;1;6;6;0;58;7;26;13;19;22;19;21;34;13;15;3;18;24;109;18;44;37;23;21;19;34;4;7;45;12;25;19;14;2;2;1;16;15;15;14;5;8;53;34;15;19;8;3;10;13;4;2;20;9;2;28;5;6;8;6;13;12;5;19;19;5;16;17;1665
ottica;commercial (place);0;0;0;0;0;0;0;0;0;1;0;0;0;0;0;0;0;0;0;0;1;1;0;0;0;0;1;0;0;0;0;0;0;0;1;0;1;1;1;0;0;2;0;2;3;0;0;0;0;0;2;0;1;2;1;0;0;1;2;0;0;0;0;0;0;1;0;0;0;1;1;1;0;1;0;0;0;0;1;0;0;1;1;0;0;0;0;0;0;0;0;0;0;0;1;0;0;0;0;1;1;35
ovile;rural (place);1;1;0;0;0;0;0;0;3;2;2;4;2;0;2;0;0;3;0;1;0;1;0;2;0;5;1;0;9;1;3;1;0;3;1;0;5;3;2;0;1;1;0;0;1;2;3;0;0;1;2;1;1;1;3;0;1;0;0;1;0;1;0;0;0;1;0;0;0;13;11;2;1;1;1;2;2;0;1;2;3;5;2;0;0;0;0;3;0;4;1;2;0;2;0;2;0;0;0;1;2;142
padiglione;public (place);2;0;4;5;8;0;2;8;6;23;8;14;0;3;2;3;1;4;0;0;9;1;4;0;0;12;1;2;7;5;0;0;5;7;16;7;1;4;6;10;6;2;13;8;5;3;2;12;9;11;0;3;1;6;16;3;2;1;5;2;5;3;0;2;0;2;0;2;0;4;9;13;0;1;2;2;9;6;2;12;0;2;8;9;3;1;3;5;3;2;0;0;5;4;2;0;5;6;0;6;1;439
pagoda;religious (place);0;0;0;0;0;0;0;0;0;0;0;0;0;0;0;0;0;0;0;0;0;0;0;0;0;3;0;0;0;0;2;0;0;0;0;1;0;0;0;0;0;0;0;0;0;1;0;3;0;1;0;0;0;0;2;0;0;0;1;0;1;0;0;0;0;0;44;0;1;0;0;0;1;0;1;0;0;0;0;1;0;0;0;2;0;0;0;0;0;0;0;1;0;0;0;0;1;0;0;0;0;67
palafitta;rural (place);0;0;1;0;0;0;0;0;0;0;0;0;0;0;0;0;0;0;0;0;0;0;0;0;0;0;0;0;1;0;0;0;0;0;0;0;0;0;0;0;1;0;2;0;0;1;0;0;0;0;0;0;1;1;0;0;0;0;0;0;0;1;0;0;0;0;0;0;0;0;2;0;0;0;0;0;0;0;0;0;0;0;5;0;0;0;1;0;2;0;0;1;0;0;0;0;1;2;0;0;0;23
palazzina;civil (place);0;0;0;0;0;0;1;0;0;0;0;1;1;0;0;0;1;0;0;0;0;0;0;1;0;0;0;1;0;0;0;8;0;1;0;0;0;0;4;1;0;0;2;2;0;46;1;17;1;10;2;3;1;1;1;2;0;2;1;5;1;0;4;2;1;1;25;5;3;1;1;11;11;0;2;3;0;22;0;11;13;0;9;1;61;52;3;1;3;0;2;0;0;8;1;0;1;31;0;0;3;410
palazzo;civil (place);43;47;46;22;33;0;52;61;94;29;27;188;62;13;126;1;18;22;6;18;31;57;18;36;6;142;46;32;49;34;61;17;123;31;81;81;41;98;145;57;118;35;132;13;37;40;11;154;7;24;10;108;6;45;103;137;31;17;48;109;66;136;22;30;73;57;25;78;37;113;55;92;24;15;39;35;39;35;92;93;71;27;18;27;59;23;29;51;32;17;6;16;34;125;25;41;24;169;15;11;11;5266
palestra;commercial (place);0;0;1;2;0;0;0;0;1;1;0;0;1;0;2;0;0;3;0;4;0;1;0;1;0;0;1;1;0;0;0;1;0;0;3;0;1;0;0;0;1;0;2;1;0;1;0;0;0;0;0;0;0;0;0;3;0;0;0;2;1;0;26;1;0;0;2;2;0;0;0;0;0;0;1;0;0;0;0;0;0;0;0;1;0;0;0;1;0;0;0;0;1;0;0;0;0;2;1;0;0;73
palmento;industrial (place);0;0;0;0;0;0;0;0;0;0;0;0;0;0;0;0;0;0;0;0;0;0;0;0;0;0;0;0;0;0;0;0;0;0;1;0;0;0;1;0;0;0;0;0;0;0;0;0;0;0;2;3;0;0;0;0;1;0;1;0;0;0;0;0;0;0;0;0;0;1;1;2;0;0;2;0;0;0;0;0;0;0;0;3;0;0;0;0;0;0;0;1;0;1;0;0;3;0;0;1;0;24
panetteria;commercial (place);0;0;0;0;0;0;0;0;0;0;0;0;0;0;0;0;0;0;0;0;0;0;0;0;0;0;0;0;0;0;0;0;0;0;0;0;0;0;0;0;0;0;0;0;0;0;0;0;0;0;0;0;0;0;0;0;0;1;0;0;0;0;0;0;0;0;0;0;0;0;0;0;0;0;0;0;0;0;0;0;0;0;0;0;0;0;0;1;0;0;0;0;0;0;0;0;0;0;0;2;1;5
panificio;commercial (place);0;0;0;0;0;0;0;0;0;0;0;0;0;0;0;0;0;0;0;0;0;0;0;0;0;0;0;0;0;0;0;0;0;0;0;0;0;0;0;0;0;0;0;0;0;0;0;0;0;0;0;0;0;0;0;1;0;0;0;0;0;0;0;0;0;0;0;0;1;0;0;0;0;0;0;0;0;0;0;0;0;0;0;0;0;0;0;0;0;0;0;0;0;0;0;0;0;0;0;0;0;2
pantheon;religious (place);0;0;0;2;0;0;0;0;0;0;0;0;0;0;0;0;0;0;0;0;0;0;0;0;0;0;0;0;0;2;0;0;0;0;0;0;0;0;0;0;4;2;0;0;0;0;0;0;0;0;2;0;0;0;0;18;2;6;0;0;0;0;0;2;0;8;0;0;0;0;0;2;0;0;0;0;0;0;0;0;0;0;0;14;0;0;0;0;0;0;0;0;0;0;0;0;0;0;0;4;0;68
parco;public (place);0;6;16;1;0;0;21;14;21;1;3;0;1;1;1;0;0;2;0;1;1;2;3;4;2;4;2;4;4;1;7;1;0;21;1;33;4;0;16;6;2;3;12;1;11;2;6;17;19;11;1;2;2;15;3;11;46;2;18;17;2;3;0;24;69;5;14;12;1;14;7;22;14;6;1;2;6;5;18;2;45;13;37;4;3;4;18;6;14;15;5;1;10;20;6;15;13;11;8;15;5;901
parrocchia;religious (place);0;0;15;1;0;3;3;3;6;15;0;6;8;1;4;0;0;3;0;2;5;2;6;2;3;32;12;7;6;0;9;16;1;4;2;0;2;4;3;6;2;6;2;13;0;5;6;1;5;2;8;17;3;10;1;4;4;0;10;12;4;3;15;1;6;3;4;0;0;12;11;5;3;2;0;1;2;5;1;0;2;4;1;1;7;2;2;2;0;0;5;2;1;47;0;3;0;11;3;1;0;475
pasticceria;commercial (place);0;0;0;0;0;0;0;0;0;0;0;0;0;0;0;1;0;0;0;0;1;0;0;0;0;0;2;0;0;0;0;0;0;0;4;1;0;0;0;0;0;0;2;0;0;0;0;0;0;0;0;0;0;0;0;0;0;0;2;1;1;8;0;0;0;1;1;0;0;0;0;1;1;1;1;1;0;0;1;1;0;0;6;0;0;0;0;0;0;1;0;0;2;0;1;0;0;0;3;0;1;46
pastificio;commercial (place);0;0;0;0;0;0;0;0;0;0;0;0;0;0;0;0;0;0;0;0;0;0;0;0;0;0;0;0;0;0;0;0;0;0;0;0;0;0;0;0;0;0;0;0;0;0;0;0;0;0;0;0;0;0;0;0;0;0;0;0;0;0;0;0;0;0;0;0;0;0;0;0;0;0;0;0;0;0;0;0;0;0;0;1;0;0;0;0;0;0;0;0;0;0;0;0;0;0;0;0;0;1
penitenziario;public (place);0;0;0;0;0;0;0;0;0;0;0;0;0;0;0;0;0;0;0;0;0;0;0;0;0;0;0;1;0;0;1;0;2;0;0;0;0;0;0;0;0;0;0;0;0;0;0;0;0;0;0;0;0;0;0;0;0;0;0;2;0;0;1;2;0;0;1;0;1;0;0;0;0;0;0;0;0;2;0;0;0;0;1;0;0;0;0;0;0;0;0;0;0;1;0;0;0;0;0;0;0;15
pensione;commercial (place);2;1;3;3;1;0;0;2;2;2;0;1;0;5;2;1;0;0;2;1;7;5;2;10;1;11;6;0;1;1;5;0;6;4;7;3;4;5;5;1;2;5;8;4;5;4;9;3;2;1;0;10;4;4;4;3;2;4;5;10;5;2;0;7;3;5;9;0;1;1;0;11;6;3;35;6;7;6;6;5;18;9;4;10;4;0;2;5;9;3;3;6;9;3;16;2;8;4;5;10;67;516
pescheria;commercial (place);1;0;0;0;0;0;1;1;1;0;0;0;0;0;0;0;0;0;0;0;1;0;0;0;0;1;0;0;0;0;0;0;0;0;0;2;0;0;0;0;0;0;0;0;0;0;0;0;0;0;0;2;1;0;0;0;1;1;0;0;0;0;0;0;0;0;0;0;2;0;0;0;0;0;0;0;0;0;0;0;0;1;0;1;0;0;0;0;1;0;0;0;0;1;0;0;1;0;0;0;0;20
piantagione;rural (place);0;0;1;1;0;0;0;0;0;0;0;0;1;1;0;0;0;0;0;1;0;0;0;0;1;2;0;0;2;0;0;4;0;3;1;4;1;0;0;0;0;2;1;0;0;0;0;1;1;3;0;0;0;0;0;0;3;0;1;4;0;0;0;3;0;1;2;0;4;0;0;1;1;0;0;2;2;0;0;0;0;1;1;1;0;0;0;0;2;0;0;0;0;0;0;0;1;4;0;1;1;67
piazza;public (place);37;3;37;46;35;6;42;39;77;56;8;220;143;27;41;8;28;52;6;30;37;43;35;37;24;89;36;39;114;9;25;18;96;54;64;52;46;43;19;53;52;59;15;8;44;35;35;42;7;56;39;106;37;109;98;134;73;44;45;90;38;63;61;58;12;33;36;44;29;76;66;93;88;21;43;69;61;25;46;69;36;52;56;73;67;17;20;25;74;29;65;41;81;77;39;51;72;64;37;57;36;5102
piazzaforte;military (place);0;0;0;0;0;0;0;0;0;0;0;0;0;0;0;0;0;0;0;0;0;0;0;0;0;0;0;0;0;0;0;0;0;0;0;0;0;0;0;0;0;0;0;0;0;0;0;0;0;0;0;1;0;0;0;0;0;0;0;0;0;0;0;0;0;0;0;0;0;0;0;0;0;0;0;0;0;0;0;0;0;0;0;0;0;0;0;0;0;0;0;0;0;0;0;0;0;0;0;0;2;3
pieve;religious (place);1;0;1;0;0;0;0;0;2;4;0;2;3;0;0;0;0;0;0;0;0;0;0;0;4;15;2;1;0;0;5;0;5;3;7;0;2;0;0;0;2;0;31;0;0;19;0;1;0;0;0;74;2;1;0;3;0;1;2;0;0;1;0;0;0;1;0;0;0;0;0;0;0;0;0;0;0;1;0;0;2;1;0;0;2;0;0;0;0;2;0;3;2;0;0;0;3;8;0;0;0;219
pinacoteca;public (place);0;0;1;0;0;0;0;0;0;0;0;0;0;0;0;0;0;0;0;0;0;0;0;0;0;0;0;1;0;0;0;1;0;0;0;2;0;0;0;0;2;0;0;0;0;0;0;0;0;2;1;1;0;0;0;3;1;4;0;1;0;1;0;0;0;2;0;0;0;0;1;0;0;0;1;0;3;0;0;0;1;1;0;0;1;0;0;0;0;0;0;1;0;0;0;0;0;0;0;0;0;32
piscina;public (place);0;0;0;0;0;0;2;0;0;0;0;0;1;0;0;0;0;0;0;0;0;1;0;0;0;1;1;0;0;0;0;0;0;0;0;0;4;0;0;0;0;1;1;0;0;0;0;0;0;0;0;0;0;0;4;0;0;0;0;0;0;0;0;0;0;0;0;0;0;2;1;0;0;0;0;0;0;0;0;0;0;0;0;0;0;0;5;0;0;0;0;1;0;0;0;0;1;1;0;0;0;27
pizzeria;commercial (place);0;0;0;0;0;0;0;0;0;0;0;0;0;0;0;0;0;0;0;0;0;0;0;0;0;0;0;0;0;0;0;0;0;0;0;0;0;0;0;0;0;0;0;0;0;0;0;0;0;0;0;0;0;0;0;0;0;0;0;0;0;1;0;0;0;0;0;0;0;0;0;0;0;0;0;0;0;0;0;0;0;0;0;0;0;0;0;0;0;0;0;0;0;0;0;0;0;0;0;0;0;1
podere;rural (place);0;1;8;4;1;1;10;0;8;2;0;4;3;7;4;2;0;4;4;1;0;3;4;5;2;21;0;8;8;2;4;42;0;2;15;15;1;12;3;5;1;16;9;0;1;39;1;1;5;3;2;6;2;4;2;6;14;1;3;4;1;13;3;10;1;0;2;2;2;3;9;0;1;0;12;9;5;6;2;0;5;14;3;4;2;0;4;7;0;21;4;2;4;17;2;14;6;22;3;3;5;559
policlinico;public (place);0;0;0;0;0;0;0;0;0;0;0;0;0;0;0;0;0;0;0;0;0;0;0;0;0;0;0;0;0;0;0;0;0;0;0;0;0;0;0;0;0;0;0;0;0;0;0;0;0;0;0;0;0;0;0;0;0;0;0;0;0;0;0;0;0;0;0;0;0;0;0;0;0;0;0;0;0;0;0;0;0;0;1;0;0;0;0;0;0;0;0;0;0;0;0;0;0;0;0;0;0;1
poligono_di_tiro;military (place);0;0;0;0;0;0;0;0;0;0;0;0;0;0;0;0;0;0;0;0;0;0;0;0;0;0;0;0;0;0;0;0;0;0;0;0;0;0;0;0;0;0;0;0;0;0;0;0;0;0;0;0;0;0;0;0;0;0;0;0;0;0;0;0;0;0;0;0;0;0;0;0;0;0;0;0;0;0;0;0;0;0;0;0;0;0;0;0;0;0;0;0;0;0;0;0;0;0;0;0;1;1
pollaio;rural (place);0;0;0;0;0;0;0;0;1;0;0;0;0;0;1;0;2;0;0;0;0;0;0;0;0;2;0;1;2;0;0;1;0;0;2;0;1;0;1;0;2;2;3;0;0;22;0;1;1;3;3;9;0;7;1;0;5;2;4;1;3;0;2;1;0;0;1;0;0;4;1;1;1;0;3;0;2;0;0;0;1;3;0;0;3;2;3;2;1;2;3;0;0;12;0;3;8;0;1;1;0;144
polveriera;military (place);0;0;0;0;1;0;0;0;0;0;0;0;0;0;0;0;0;0;1;2;0;1;0;0;0;2;1;0;0;0;3;0;1;6;1;1;1;2;0;4;0;4;0;1;1;0;0;0;1;0;0;1;0;0;0;0;0;0;0;0;1;0;0;3;0;2;2;0;0;1;0;0;0;0;0;1;0;0;0;0;0;0;0;0;0;0;0;0;2;0;1;0;0;0;1;0;0;1;0;0;0;50
polverificio;industrial (place);0;0;0;0;0;0;0;0;0;0;0;0;0;0;0;0;0;0;0;0;0;0;0;0;0;0;0;0;0;0;0;0;0;0;0;0;0;0;0;0;0;0;0;0;1;0;0;0;0;0;0;0;0;0;0;0;0;0;0;0;0;0;0;0;0;0;0;0;0;0;0;0;0;0;0;0;0;0;0;0;0;0;0;0;0;0;0;0;0;0;0;0;0;0;0;0;0;0;0;0;0;1
porticato;public (place);0;0;0;0;0;0;1;2;8;1;1;1;1;1;1;0;0;0;0;0;2;0;0;1;0;2;0;2;2;0;0;1;2;3;0;4;3;1;0;1;0;1;1;0;0;3;1;0;0;1;0;2;3;0;2;7;3;1;0;0;0;9;4;0;20;0;0;1;0;3;4;4;1;0;3;3;7;0;2;5;1;0;0;0;1;0;0;0;1;2;3;4;2;0;0;0;2;0;0;0;0;148
portico;public (place);3;0;18;3;14;0;4;6;13;9;1;34;14;5;16;0;16;4;1;3;9;1;26;9;3;32;8;9;1;6;7;15;11;0;12;17;16;7;1;2;0;6;11;0;4;9;3;9;9;11;5;9;7;18;10;29;16;1;12;26;12;13;8;2;10;16;16;12;4;18;15;12;8;7;4;10;15;2;5;15;6;3;3;6;13;2;6;4;12;3;9;5;3;23;6;3;18;28;5;3;3;919
porto;industrial (place);27;4;23;25;21;5;11;38;43;34;12;11;13;24;13;9;13;61;5;10;5;19;11;16;12;45;17;17;32;22;33;28;55;48;71;41;37;34;22;25;64;17;22;29;28;22;36;29;7;15;4;19;11;42;51;39;36;19;29;39;37;31;18;28;6;16;18;16;42;27;33;18;21;16;25;16;23;21;24;24;78;33;35;75;38;9;24;15;33;21;26;20;31;41;13;39;14;37;3;30;41;2666
postribolo;commercial (place);0;0;0;0;0;0;0;0;0;1;0;1;0;0;0;0;0;0;2;1;0;4;0;0;0;0;0;0;0;0;0;0;0;0;2;0;1;0;0;1;0;2;0;0;2;0;0;0;5;0;0;1;0;0;1;1;0;9;0;0;0;0;0;0;0;1;0;1;0;0;0;0;0;0;1;0;0;0;0;0;0;0;0;1;3;0;0;1;0;0;1;1;0;0;0;0;0;1;0;0;2;47
prefettura;public (place);0;0;0;0;0;0;0;1;0;7;0;0;0;0;0;0;1;0;0;0;0;0;0;0;1;11;2;0;0;3;1;1;1;0;5;1;2;0;0;0;0;6;0;1;1;3;4;2;3;6;0;1;1;0;2;0;4;4;5;1;2;16;0;1;1;0;0;6;0;1;0;0;0;0;0;1;0;1;0;1;0;0;3;9;2;1;0;1;3;0;0;0;10;0;0;0;0;2;0;0;0;142
pretura;public (place);0;0;0;0;0;0;0;0;0;1;0;0;0;0;0;0;0;1;3;1;2;0;0;0;0;0;0;5;0;0;0;0;0;0;0;0;0;3;1;1;0;0;6;0;0;2;0;3;0;0;0;0;0;1;0;2;1;0;2;1;0;0;0;0;0;1;0;0;1;0;0;1;0;0;0;0;3;0;0;0;1;0;0;0;0;1;0;1;0;0;0;0;0;0;0;0;1;0;0;0;0;46
prigione;public (place);32;7;40;124;25;2;11;17;104;20;10;25;51;36;13;12;3;16;15;68;38;14;17;88;22;41;64;44;25;12;72;31;39;29;47;34;50;32;11;50;18;10;5;15;10;11;8;33;5;14;18;38;20;32;93;9;17;7;16;18;12;15;37;50;82;4;5;5;7;21;15;41;9;9;14;21;21;7;18;20;8;15;30;24;11;6;11;10;12;5;8;8;7;38;7;5;9;14;1;15;13;2458
profumeria;commercial (place);0;0;0;0;0;0;0;0;0;0;0;0;0;0;0;0;0;0;0;0;0;3;0;0;0;0;0;0;0;0;0;0;0;0;0;0;1;1;0;0;0;1;0;1;0;0;0;0;0;0;1;0;0;0;0;1;0;0;1;1;1;0;0;0;0;0;0;0;0;0;0;0;0;0;1;0;0;0;0;0;2;0;0;1;0;0;0;0;0;0;0;0;1;0;0;0;0;1;0;0;1;19
pronto_soccorso;public (place);0;0;0;0;0;0;1;0;1;0;0;0;1;0;0;0;0;0;0;0;0;0;0;0;0;2;0;1;0;0;0;0;0;1;0;0;0;0;0;0;2;0;0;0;0;0;0;0;0;0;0;1;0;0;0;0;0;0;0;0;1;0;0;0;0;0;0;0;0;0;0;0;0;0;0;1;0;0;0;0;0;0;0;1;0;0;0;0;1;0;0;0;0;1;0;0;0;0;0;0;1;16
pub;commercial (place);0;0;0;0;0;1;0;0;0;0;0;1;0;1;0;0;0;1;0;4;0;0;0;0;0;10;0;0;0;0;0;0;0;1;1;0;0;0;0;0;0;0;0;0;0;0;0;0;0;0;0;0;0;0;0;0;0;0;0;1;0;0;0;0;0;0;0;0;0;0;0;0;0;0;0;0;0;0;0;0;0;0;0;0;0;0;0;0;0;0;0;0;0;0;0;0;0;0;0;0;0;21
questura;military (place);0;0;0;0;0;0;0;0;0;0;0;0;0;0;0;0;0;0;0;0;0;0;0;0;0;0;0;0;0;0;0;0;0;1;9;0;0;0;0;0;0;1;1;0;0;0;6;11;7;4;4;2;18;0;8;0;4;19;0;12;0;11;1;1;16;4;5;9;0;9;0;6;1;12;8;26;0;8;9;40;15;0;2;4;1;3;0;0;1;1;0;3;3;0;3;1;0;1;0;5;1;317
raffineria;industrial (place);0;0;0;0;0;0;0;0;0;0;0;0;0;0;0;0;0;0;0;0;0;0;0;0;0;1;0;0;0;0;0;0;0;0;0;0;0;0;0;0;0;2;0;0;0;0;0;0;0;0;0;0;0;0;0;0;0;0;0;0;0;0;1;0;0;1;0;0;0;0;0;0;0;0;0;0;0;0;0;0;0;0;0;0;0;0;0;0;0;0;0;2;0;0;0;0;0;0;0;0;0;7
ranch;rural (place);0;0;0;0;0;0;0;0;0;0;0;0;0;0;0;0;0;0;0;0;0;0;0;0;0;0;0;0;0;0;0;0;0;0;0;0;0;0;0;0;0;0;0;0;0;0;0;0;0;0;0;0;0;0;0;0;0;0;0;0;0;0;0;1;0;0;0;0;0;0;0;0;0;0;0;0;0;0;0;0;0;2;0;0;0;0;0;0;0;0;0;0;0;0;0;0;0;0;0;0;0;3
reclusorio;public (place);0;0;0;0;0;0;0;0;0;0;0;0;0;0;0;0;0;1;0;0;0;0;0;0;0;0;0;1;0;0;0;0;0;0;0;0;0;0;0;0;0;0;0;0;0;0;1;0;0;0;0;0;0;0;0;0;0;1;0;2;0;1;0;0;0;0;0;0;0;0;0;0;0;2;0;0;0;0;0;0;2;0;0;1;0;0;2;0;0;0;0;0;2;5;1;0;0;5;0;0;0;27
refettorio;religious (place);1;0;0;0;1;0;1;2;1;5;5;0;2;0;0;2;0;0;0;0;4;0;1;9;0;1;0;1;2;0;3;1;1;0;8;1;0;2;0;0;0;0;2;2;0;9;0;0;0;0;0;0;0;6;5;2;1;0;0;1;0;0;1;0;2;0;2;1;0;1;1;3;0;0;0;0;0;0;1;7;0;1;4;10;2;1;0;0;1;0;0;0;5;1;1;0;0;0;2;0;0;129
reggia;civil (place);4;0;5;6;0;0;1;5;2;3;22;4;1;3;3;1;0;3;2;1;21;3;0;0;0;16;2;3;0;24;4;3;5;2;10;4;3;3;6;0;0;5;2;55;14;7;3;1;1;1;0;2;0;9;2;2;1;1;0;7;10;1;1;3;3;4;3;0;2;10;8;5;8;1;5;2;27;1;3;1;3;45;1;6;1;0;4;5;4;0;2;1;7;6;0;12;0;0;1;0;0;484
reliquiario;religious (place);0;0;0;0;0;0;0;0;0;0;0;0;0;1;0;0;0;0;0;0;0;0;0;1;0;0;0;0;0;0;0;0;1;0;0;1;0;0;0;0;1;0;0;0;0;1;0;0;1;0;0;0;1;0;0;1;0;0;0;0;0;0;0;0;3;0;0;0;0;0;0;0;0;0;0;0;0;0;0;3;0;0;0;0;0;0;0;0;0;0;0;0;0;1;0;0;2;1;0;0;0;19
ricetto;military (place);0;0;3;4;3;0;0;1;6;1;1;3;5;0;1;0;1;4;0;0;1;0;3;1;0;2;0;3;2;1;0;1;0;2;3;4;1;0;4;0;3;0;1;0;0;1;1;0;1;2;0;0;0;1;5;0;0;1;0;0;0;1;1;2;1;0;0;0;0;5;1;0;0;1;1;0;0;1;1;1;0;0;0;1;0;0;1;0;0;2;0;1;1;0;0;0;0;1;0;0;1;101
riformatorio;public (place);0;0;1;0;0;0;0;0;0;0;0;0;0;0;0;0;0;0;2;0;0;0;0;2;0;2;0;0;0;0;0;0;0;0;0;1;1;0;0;0;0;0;0;0;1;0;0;0;0;1;0;0;0;1;1;0;0;0;0;1;0;0;1;0;0;0;0;0;0;0;0;0;0;0;1;0;0;0;1;0;0;0;0;0;0;0;0;0;0;0;0;0;0;0;0;0;0;2;0;0;0;19
rifugio;rural (place);1;0;3;2;6;0;3;2;7;4;0;4;4;1;2;1;3;6;0;1;2;2;0;8;7;6;4;2;7;5;3;0;10;3;13;13;7;21;0;0;8;1;6;5;3;3;9;8;4;5;2;17;0;3;8;4;13;3;10;15;5;5;4;3;7;4;0;8;14;10;11;7;5;3;4;6;7;6;8;7;6;8;11;19;7;7;4;12;7;10;9;9;8;13;3;1;8;5;4;8;19;592
ristorante;commercial (place);0;0;0;0;0;0;0;0;0;0;0;0;0;0;0;0;0;0;0;0;0;0;0;0;0;2;0;0;0;0;0;0;0;3;0;1;1;0;0;0;0;0;0;0;0;0;0;0;1;0;0;0;0;1;1;0;0;1;1;0;1;0;0;0;0;3;1;0;0;0;1;1;23;2;1;1;1;0;0;0;2;0;6;1;0;18;5;3;5;2;1;3;1;0;0;2;0;2;3;7;4;112
rocca;civil (place);12;1;28;4;2;0;32;1;34;7;0;28;1;6;12;3;0;0;0;8;1;0;0;17;10;33;5;5;0;9;11;16;13;13;27;6;6;5;5;1;12;4;3;7;1;13;4;1;4;40;0;4;1;3;0;5;13;3;3;5;0;3;0;1;1;2;0;14;8;4;18;3;1;0;4;5;1;4;3;7;2;42;0;3;7;1;3;1;6;3;0;0;8;2;0;2;8;39;2;3;0;699
romitorio;religious (place);6;0;4;2;0;0;0;2;2;2;0;0;0;0;0;0;0;0;0;0;0;0;0;0;3;9;0;5;1;0;0;0;1;0;0;0;0;0;0;0;1;0;0;0;0;1;3;18;0;0;0;0;0;0;0;0;0;0;5;0;0;0;0;1;1;0;0;0;0;0;0;0;0;0;0;0;0;0;0;0;0;0;0;1;1;0;1;0;1;1;0;0;0;0;0;1;0;0;0;0;0;73
rosticceria;commercial (place);0;0;0;0;0;0;0;0;0;0;0;0;0;0;0;0;0;0;0;0;0;0;0;0;0;0;0;0;0;0;0;0;0;0;0;0;0;0;0;0;0;0;0;0;0;0;0;0;0;0;0;0;0;1;0;0;0;0;0;0;0;0;0;0;0;0;0;0;0;0;0;0;0;0;0;0;2;0;0;0;0;0;0;0;1;0;0;0;0;0;0;0;1;0;0;0;0;0;0;0;0;5
rudere;civil (place);0;0;0;0;1;0;2;0;1;0;0;0;1;0;0;1;0;1;0;0;0;3;1;1;0;1;1;0;4;0;0;0;3;1;3;6;6;2;1;0;3;0;2;0;0;3;0;0;1;13;0;4;0;0;0;5;1;3;2;1;1;0;0;1;1;2;0;1;0;2;1;3;4;2;1;1;2;1;8;1;1;2;2;1;7;0;2;1;5;0;0;0;0;0;0;3;0;0;0;1;0;135
rustico;rural (place);5;0;4;1;0;0;1;0;4;3;0;8;7;1;1;0;0;0;0;0;0;1;0;0;1;7;0;1;4;0;0;0;3;0;2;4;3;2;1;0;2;1;9;1;1;6;0;1;2;3;0;2;1;9;2;6;1;0;13;1;6;4;3;1;9;2;2;0;1;4;0;1;3;1;3;1;19;2;1;3;2;3;0;2;2;0;1;4;1;6;0;4;1;0;0;1;6;5;1;1;4;235
sacello;religious (place);0;0;0;0;0;0;0;0;0;1;0;0;0;0;0;0;0;0;0;0;0;0;0;0;0;0;0;0;0;0;0;0;0;0;1;2;0;0;0;0;0;0;0;0;0;0;0;0;0;0;0;0;0;0;0;1;0;0;0;0;0;0;0;0;0;0;0;0;0;0;0;0;0;0;2;0;1;0;0;0;0;0;0;0;0;0;0;0;0;0;0;0;0;0;0;0;0;0;0;0;0;8
sacrario;religious (place);1;0;0;0;0;0;0;0;0;1;0;0;0;0;0;0;0;1;0;0;0;2;0;0;0;1;0;2;0;0;1;1;0;0;0;2;0;1;1;0;0;0;0;0;0;0;0;1;1;1;1;0;2;0;2;4;0;0;0;0;0;0;0;0;0;0;0;0;0;0;0;0;16;0;2;0;1;2;0;1;2;1;1;2;0;0;0;0;0;0;0;2;1;0;0;0;0;2;0;1;0;60
sagrato;religious (place);0;0;0;3;9;1;0;0;7;2;0;1;8;2;2;0;0;0;0;0;0;0;1;1;0;4;0;7;0;0;0;6;1;0;2;2;0;0;0;0;2;1;0;0;2;11;3;0;0;1;1;10;1;3;0;2;2;1;1;1;0;3;0;0;1;28;3;0;0;1;2;0;0;0;0;0;1;1;0;1;4;0;0;0;1;0;2;4;0;2;0;1;1;0;0;0;2;3;0;0;0;162
sagrestia;religious (place);1;0;0;10;2;0;1;1;2;2;0;11;1;0;0;1;0;0;0;1;8;5;0;4;4;15;2;2;5;0;12;4;10;1;12;9;1;0;2;6;3;1;0;0;0;6;0;0;1;4;2;8;6;11;1;0;3;2;5;3;0;7;2;1;0;1;0;0;1;0;2;2;0;3;0;4;0;0;0;4;0;2;1;1;6;8;0;0;1;0;7;1;2;25;0;1;0;5;1;1;0;280
sala_concerti;public (place);0;0;0;0;0;0;0;0;0;0;0;0;0;0;0;0;0;0;0;0;0;0;0;0;0;0;0;0;0;0;0;0;0;0;0;0;0;0;0;0;0;0;0;0;0;0;0;0;0;0;0;0;0;0;0;0;0;0;0;0;0;0;0;0;0;0;0;0;0;0;0;0;0;0;0;0;0;0;0;0;0;1;0;0;0;0;0;0;0;0;0;0;0;0;0;0;0;0;0;0;0;1
salumeria;commercial (place);0;0;0;0;0;0;0;0;0;0;0;0;0;0;0;0;0;0;0;0;0;0;0;0;0;0;0;0;0;0;0;0;0;0;0;0;0;0;0;0;0;0;0;0;0;0;0;0;0;0;0;0;0;0;1;0;0;0;0;0;0;0;0;0;0;0;0;0;0;0;0;0;0;0;0;0;0;0;0;0;0;0;0;0;0;0;0;0;0;0;0;0;0;0;0;0;0;0;1;0;0;2
sanatorio;public (place);0;0;0;0;0;0;0;0;0;0;0;0;0;0;0;0;0;0;0;0;0;0;0;0;0;0;0;0;0;0;0;0;0;0;0;0;0;0;0;0;0;0;0;0;0;0;0;0;0;0;0;0;0;0;0;0;0;1;0;0;0;0;0;0;0;0;0;0;0;0;0;0;0;1;0;0;0;0;0;0;0;0;0;0;0;1;0;0;8;0;0;1;0;0;0;0;0;1;0;0;1;14
sancta_sanctorum;religious (place);0;0;0;0;0;0;0;0;0;1;0;0;1;0;0;0;0;0;0;0;0;0;0;0;0;0;0;0;0;0;0;0;0;0;0;0;0;0;0;0;0;0;0;0;0;3;0;0;0;1;1;1;0;0;0;0;0;2;1;0;0;0;0;2;0;0;0;1;0;0;0;2;2;0;1;0;0;0;0;0;0;0;0;0;0;0;0;1;1;0;0;0;0;0;0;0;0;0;0;0;0;21
santabarbara;military (place);0;0;0;0;0;0;0;0;0;0;0;0;0;0;0;0;0;0;0;0;0;0;0;0;0;0;0;0;0;0;0;0;0;0;0;0;0;0;0;0;0;0;0;0;0;0;0;0;0;0;0;0;0;0;0;0;0;0;0;0;0;0;0;0;0;0;0;0;0;0;0;0;0;0;0;0;0;0;0;0;0;0;0;0;1;0;0;0;0;0;0;0;0;0;0;0;0;0;0;0;0;1
santuario;religious (place);0;2;0;2;0;0;3;5;2;4;0;0;7;3;2;1;4;5;7;3;1;6;2;3;6;22;24;7;10;1;1;6;10;2;19;2;11;4;3;5;5;4;18;10;3;7;13;3;4;15;3;3;1;12;6;21;4;2;14;14;5;2;4;3;4;5;0;1;0;12;12;2;11;1;5;0;4;5;5;0;1;3;0;4;14;1;2;5;2;4;3;1;5;1;1;1;1;5;0;0;0;492
sartoria;commercial (place);0;0;0;0;0;0;0;0;0;0;0;0;0;0;0;0;0;0;0;0;0;0;0;0;0;0;0;0;0;0;0;0;0;0;0;0;1;0;0;0;0;0;0;1;0;0;0;0;0;0;0;0;1;2;0;0;0;0;0;1;0;0;0;0;0;0;0;0;1;0;0;0;2;2;0;0;1;0;0;0;1;0;0;1;0;0;0;0;0;0;1;0;2;1;0;3;1;1;0;2;2;27
scuola;educational (place);8;0;21;22;16;0;14;19;18;21;0;9;21;18;14;29;2;12;26;52;30;10;3;72;28;55;11;32;48;30;17;21;27;8;130;27;22;69;12;27;25;70;45;82;18;79;32;38;19;81;22;26;48;105;14;27;240;93;39;52;11;39;93;34;18;100;35;63;8;17;22;10;57;41;17;18;47;44;13;10;31;74;70;80;21;12;40;32;36;40;13;90;43;64;28;22;22;21;34;25;22;3673
segheria;industrial (place);0;0;0;0;0;0;0;0;0;0;0;0;0;0;0;0;0;0;0;0;0;0;0;0;0;0;0;0;0;0;0;0;0;0;0;0;0;0;0;0;0;0;0;0;0;0;0;0;0;0;0;0;0;0;0;0;0;0;0;0;0;0;0;1;0;0;0;0;0;0;0;0;0;0;0;0;0;0;0;0;0;0;0;0;1;0;0;0;0;0;0;0;0;0;2;0;2;0;0;0;0;6
seminario;religious (place);0;0;1;0;0;1;0;0;0;0;0;0;2;3;0;0;0;0;0;1;5;0;2;9;6;5;0;1;0;0;1;2;2;3;1;6;1;4;3;0;7;2;0;0;1;2;0;7;2;0;1;19;1;17;1;1;2;2;4;7;1;1;10;1;0;1;3;0;0;1;0;0;0;7;0;1;0;0;1;49;1;0;0;2;0;3;0;3;1;3;3;0;4;2;0;0;0;4;2;0;6;245
sepolcreto;religious (place);0;0;0;0;0;0;0;0;0;0;0;1;0;0;0;1;0;2;0;0;0;0;0;0;0;0;0;0;0;9;4;0;1;1;1;2;1;0;0;0;0;2;2;0;0;1;0;0;0;0;0;0;0;0;0;0;0;1;0;0;0;0;0;0;0;0;0;0;0;0;2;1;0;0;0;0;1;0;0;1;1;2;0;0;0;2;1;0;0;0;1;0;0;0;0;1;1;0;0;0;0;43
sepolcro;religious (place);11;3;39;16;9;1;8;20;23;26;1;45;4;8;16;10;9;25;5;17;5;8;7;12;10;15;4;19;26;19;22;24;37;21;22;18;14;11;5;15;14;7;13;6;5;20;39;4;6;0;1;7;1;7;4;12;15;6;5;17;5;12;4;10;3;18;6;13;2;3;17;6;1;2;5;2;12;1;32;2;1;14;6;4;10;1;14;2;3;10;5;12;4;9;0;3;1;4;0;1;0;1059
seteria;industrial (place);0;0;0;0;0;0;0;0;0;0;0;0;0;0;2;0;0;0;0;0;0;0;0;0;0;0;0;0;0;0;0;0;0;0;0;0;0;1;1;0;0;2;0;0;0;0;1;0;0;0;0;0;0;0;0;0;0;0;0;0;0;1;0;0;0;0;0;0;0;0;0;0;0;0;1;0;0;0;1;0;0;0;0;0;0;0;0;0;0;0;0;0;0;0;0;0;0;0;0;0;0;10
setificio;industrial (place);0;0;0;0;0;0;0;0;0;0;0;0;0;0;0;0;0;0;0;0;0;0;0;0;0;0;0;0;0;0;0;0;0;0;0;0;0;0;0;0;0;2;0;0;0;0;0;0;0;0;0;0;0;0;0;0;0;0;0;0;0;0;0;0;0;0;0;0;0;0;0;0;0;0;0;0;0;0;0;0;0;0;0;0;0;0;0;1;0;0;0;0;0;0;0;0;0;0;0;1;0;4
silo;industrial (place);0;0;0;0;0;0;0;0;0;0;0;0;0;0;0;0;0;1;0;0;0;0;0;0;0;0;0;0;0;2;0;0;0;0;0;1;0;0;0;0;0;0;0;0;0;0;0;0;0;0;0;0;0;0;0;0;0;0;0;0;0;0;0;0;1;0;0;0;0;0;0;0;0;0;0;0;0;0;0;0;0;0;0;0;1;0;0;0;0;0;0;0;0;2;0;0;0;0;0;0;0;8
sinagoga;religious (place);0;0;0;1;0;0;0;0;0;0;0;0;0;0;0;0;0;0;0;0;0;0;0;0;1;0;0;0;0;0;0;1;1;0;0;1;3;0;0;0;0;0;0;0;0;1;0;0;0;0;0;0;0;0;0;0;0;1;0;1;0;0;0;1;0;0;0;0;0;1;0;0;0;0;0;0;0;0;2;0;0;0;0;0;0;0;0;0;2;11;0;0;0;0;0;0;0;0;0;0;0;28
soffitta;civil (place);0;0;0;3;1;0;1;0;5;8;1;1;4;8;3;0;0;2;0;3;13;5;1;2;0;2;4;7;1;3;2;2;3;4;4;4;9;2;11;2;1;5;3;0;5;4;0;6;1;0;1;9;2;12;22;4;7;5;3;10;6;0;2;2;1;5;1;0;0;0;0;53;19;46;1;0;2;2;10;5;4;3;5;1;1;0;1;2;0;1;2;9;24;2;30;12;2;2;0;6;11;494
stabilimento;industrial (place);2;0;5;0;0;0;0;0;0;3;0;3;3;3;0;1;6;2;7;2;0;2;1;3;0;15;2;2;3;0;5;2;1;3;7;2;1;17;0;11;7;20;21;4;23;3;0;15;4;1;0;4;2;2;11;27;1;7;5;17;0;9;18;10;2;3;4;1;2;1;2;3;0;8;2;2;1;12;9;3;3;4;14;15;5;2;3;1;5;1;2;0;0;2;25;1;2;0;1;3;23;492
stadio;public (place);0;0;0;8;0;0;0;2;0;0;0;0;0;0;0;2;0;0;0;2;0;8;0;1;0;3;2;2;2;1;1;0;1;1;1;0;4;3;0;11;2;0;1;0;2;0;1;6;2;1;1;0;0;2;0;2;0;0;0;3;0;0;0;11;0;0;0;0;2;1;1;0;5;2;1;1;8;1;0;1;0;0;1;0;0;0;0;0;0;0;0;0;0;0;1;0;0;0;0;29;0;143
stalla;rural (place);8;4;2;18;13;3;2;8;11;4;0;2;10;4;4;0;0;2;0;3;2;3;2;3;9;27;6;24;8;0;2;42;5;0;8;4;6;14;3;4;5;8;5;1;6;28;4;9;7;24;10;31;15;10;6;36;50;6;26;12;7;13;0;9;4;12;1;10;3;7;31;7;2;4;4;16;26;2;10;1;4;15;7;6;1;11;2;4;4;15;0;21;2;21;0;11;23;17;2;5;7;916
stamberga;civil (place);1;0;0;1;0;2;0;0;0;0;0;0;0;0;0;0;1;0;0;0;0;0;0;0;0;1;0;0;1;1;0;0;1;0;1;1;0;0;0;0;0;4;0;0;0;1;1;1;1;2;0;1;0;3;1;2;0;1;1;1;0;0;1;0;1;0;0;1;0;2;2;3;1;0;1;3;6;1;1;0;1;1;3;1;0;0;0;0;0;1;2;0;5;0;0;1;2;9;0;0;0;80
stamperia;industrial (place);0;0;0;0;1;0;1;1;0;4;0;4;0;0;0;0;0;0;2;0;0;2;2;0;0;0;0;3;0;1;1;1;0;0;2;0;1;2;1;1;0;5;0;0;0;0;0;2;0;0;1;4;3;0;0;3;0;14;0;0;2;1;2;0;1;1;0;0;2;0;0;0;1;1;5;1;3;0;0;0;0;0;0;0;0;0;0;0;0;0;0;0;0;0;0;1;0;0;0;0;0;83
stazione;public (place);0;0;3;1;0;0;0;0;0;0;2;0;0;2;0;0;0;0;0;1;0;0;1;2;0;14;80;2;2;0;16;3;4;5;0;0;2;4;6;9;7;24;33;4;6;14;6;30;10;17;5;13;29;16;28;38;23;9;26;45;18;67;12;30;12;50;32;16;18;63;24;49;16;32;25;24;27;22;34;25;25;27;37;65;17;30;9;24;29;10;40;30;23;24;5;28;41;38;10;74;35;1759
studentato;public (place);0;0;0;0;0;0;0;0;0;0;0;0;0;0;0;0;0;0;0;0;0;0;0;0;0;0;0;0;0;0;0;0;0;0;0;0;0;0;0;0;0;0;0;0;0;0;0;0;0;0;0;0;0;0;0;0;0;0;0;0;0;0;0;0;0;0;0;0;0;0;0;0;0;0;0;0;0;0;0;0;0;0;0;0;0;0;0;0;0;0;0;0;0;0;0;2;0;0;0;0;0;2
studio_fotografico;commercial (place);0;0;0;0;0;0;0;0;0;0;0;0;0;0;0;0;0;0;0;0;0;0;0;0;0;0;0;0;0;0;0;0;0;0;0;0;0;0;0;0;0;0;0;0;0;0;0;0;0;0;0;0;0;0;0;0;0;0;0;0;0;0;0;0;0;0;0;0;0;0;0;0;0;0;0;0;0;0;0;0;0;0;0;0;0;0;0;0;0;0;0;0;0;0;0;1;0;0;0;0;0;1
studio_legale;commercial (place);0;0;0;0;0;0;0;0;0;0;0;0;0;0;0;0;1;0;0;0;0;1;0;0;0;2;0;8;1;0;0;0;0;0;0;0;0;0;0;1;0;0;0;0;0;0;0;0;0;0;0;1;0;0;0;0;1;1;0;0;0;0;0;0;0;0;0;0;0;0;0;0;0;0;0;0;0;0;0;0;0;1;0;0;0;0;0;0;0;0;0;0;0;0;0;0;0;0;0;0;0;18
tabaccheria;commercial (place);0;0;0;0;0;0;0;0;0;0;0;0;0;0;0;0;0;0;0;0;0;0;0;0;0;0;0;0;0;0;0;0;0;0;0;0;0;0;0;0;0;0;0;0;0;0;0;0;0;0;0;0;1;0;0;0;0;0;0;0;0;0;0;0;0;1;0;0;0;0;0;0;0;0;0;0;0;0;0;0;0;1;0;0;0;0;0;0;0;0;0;0;0;0;0;0;0;0;0;0;0;3
tabernacolo;religious (place);0;1;0;11;0;0;0;0;0;1;0;6;1;2;0;0;0;0;0;0;1;1;0;1;2;8;0;1;2;0;8;0;0;1;0;1;2;1;0;3;7;2;0;1;0;3;0;2;2;2;0;5;2;3;7;5;3;0;1;0;4;2;2;1;0;2;0;1;1;2;0;5;0;2;0;0;2;1;2;2;0;3;0;2;1;0;1;0;2;3;1;3;1;0;0;2;1;0;0;0;2;150
teatro;public (place);6;0;16;13;4;3;58;11;13;27;0;8;14;5;32;4;5;15;13;12;6;20;11;10;12;64;79;42;32;13;10;10;22;9;17;96;44;18;17;20;13;35;35;39;57;28;45;75;27;31;59;65;13;45;46;27;55;73;33;77;21;71;50;54;18;19;34;65;37;64;110;30;31;30;24;8;23;41;39;16;16;32;68;33;79;17;36;24;45;14;17;17;19;14;10;7;30;41;6;40;26;3065
tempio;religious (place);22;14;24;19;8;0;44;38;54;43;10;60;13;19;8;12;4;41;7;4;6;5;11;2;23;96;14;39;18;31;16;17;25;15;48;42;65;18;15;10;28;7;16;70;19;12;3;9;6;60;2;14;3;11;14;18;12;17;6;31;20;9;8;13;2;14;17;45;10;25;45;13;7;6;9;8;10;6;23;10;14;7;3;9;58;0;11;19;33;14;4;8;13;4;2;10;4;2;3;6;3;1845
terme;public (place);0;0;0;0;0;0;0;0;0;0;0;2;0;0;0;12;0;6;0;0;0;0;0;0;2;4;2;0;0;14;0;0;0;0;2;6;4;0;0;2;20;0;0;0;0;0;0;0;0;0;6;0;0;0;2;8;4;0;0;2;2;0;0;2;0;4;0;0;0;2;2;8;2;0;0;4;6;0;0;4;0;2;8;0;6;0;4;0;0;0;0;0;2;0;0;0;2;0;0;0;2;160
tessitoria;industrial (place);0;0;0;0;0;0;0;0;0;0;0;0;0;0;0;0;0;0;0;0;0;0;0;0;0;0;0;0;0;0;0;0;0;0;0;0;0;0;1;0;0;0;0;0;0;0;0;0;0;0;0;0;0;0;0;0;0;0;0;0;0;0;0;0;0;0;0;0;0;0;0;0;0;0;0;0;0;0;0;0;0;0;0;0;0;0;0;0;0;0;0;0;0;0;0;0;1;0;0;0;0;2
tintoria;commercial (place);0;0;0;0;0;0;0;0;0;1;0;0;0;0;0;0;0;0;0;0;0;0;0;0;0;0;0;0;0;0;0;0;0;0;0;0;0;0;0;0;1;3;0;0;0;0;0;0;0;0;0;0;0;0;0;0;0;1;0;0;0;0;2;0;0;0;0;0;0;0;0;0;0;0;0;0;0;0;0;0;0;0;0;0;1;0;0;3;0;1;0;0;0;0;0;0;0;0;0;0;0;13
tipografia;industrial (place);0;0;0;0;0;0;0;0;0;0;0;0;1;0;0;0;0;0;1;0;0;2;0;0;0;0;2;0;0;0;0;0;0;0;3;3;0;0;0;1;1;3;0;0;0;0;0;3;1;0;0;1;0;1;0;1;0;48;0;4;0;11;7;6;0;0;0;0;4;0;0;1;3;14;7;0;0;1;0;0;0;1;1;2;1;1;4;0;0;0;0;2;0;2;1;0;0;0;0;0;0;145
topaia;civil (place);0;0;0;0;0;0;0;0;0;1;0;0;0;1;0;0;0;0;0;0;0;0;0;7;0;0;0;0;0;0;0;2;0;0;2;0;0;0;0;1;0;0;0;0;0;0;0;0;0;1;0;1;0;0;1;1;0;1;0;0;0;0;0;0;1;0;0;0;0;0;0;0;0;0;0;1;0;0;0;0;0;0;0;0;1;0;0;0;0;2;0;0;0;0;0;0;1;0;0;0;0;25
torre;civil (place);66;14;44;63;50;4;48;18;129;21;4;97;20;29;17;8;4;23;1;3;6;13;11;21;25;96;23;58;23;15;27;25;38;45;49;36;46;20;7;21;65;7;49;41;3;53;35;19;13;14;19;46;10;14;85;40;13;5;7;70;9;4;7;34;3;5;10;2;23;44;28;45;5;19;19;14;77;20;25;29;10;97;8;22;55;0;40;29;36;11;7;18;15;42;36;25;8;8;1;21;7;2794
trattoria;commercial (place);0;0;0;0;0;0;1;0;0;0;0;0;1;0;0;0;0;0;0;0;0;1;0;0;0;1;3;0;2;0;0;0;0;0;0;0;0;0;0;0;0;4;3;0;4;5;0;2;0;1;5;1;4;1;1;10;4;35;3;0;3;4;5;1;0;5;4;1;0;9;1;10;5;3;2;1;6;9;1;7;0;2;7;0;4;3;4;3;0;48;5;10;10;1;1;5;10;7;1;19;6;315
tribunale;public (place);9;1;2;6;1;1;5;14;20;6;1;32;24;12;5;4;13;17;35;3;9;7;3;36;15;72;12;29;11;6;24;16;14;20;31;42;28;8;2;31;5;11;8;3;4;6;5;11;2;7;10;11;5;26;24;6;12;13;10;7;1;13;20;24;5;2;3;10;4;14;8;9;6;4;2;5;14;5;6;20;3;5;10;18;2;1;4;1;0;6;5;7;8;22;1;4;8;11;2;7;2;1115
trincea;military (place);1;0;0;1;0;0;1;0;2;4;0;0;1;0;1;0;0;0;1;1;3;0;0;0;1;3;0;2;0;0;0;0;1;7;3;0;4;3;0;3;0;1;0;0;5;0;0;0;0;0;0;3;0;1;0;0;1;0;0;0;0;0;0;1;0;0;6;0;7;5;0;0;0;1;2;0;3;0;1;0;1;0;0;0;2;1;22;5;21;0;3;16;7;3;11;15;0;1;2;1;31;222
trullo;civil (place);0;0;0;0;0;0;0;0;0;0;0;0;0;0;1;0;0;0;0;0;0;0;0;0;0;0;0;0;0;0;0;0;0;0;0;0;0;0;0;0;0;0;0;0;0;0;0;0;0;0;0;0;0;0;0;0;0;0;0;0;0;0;0;0;0;0;0;0;0;0;0;0;1;0;0;0;0;0;0;0;0;0;0;0;0;0;3;0;0;0;0;0;0;0;0;0;0;0;0;0;0;5
tugurio;civil (place);0;2;1;0;5;0;1;4;8;16;0;2;9;3;4;0;5;3;5;2;2;2;1;8;0;3;1;9;8;17;0;0;6;0;4;3;13;6;0;0;2;2;4;2;2;3;6;1;1;0;2;5;0;2;2;1;8;1;7;0;1;2;1;9;2;1;0;0;0;5;3;2;3;0;0;0;2;2;0;0;2;1;0;1;1;1;0;0;3;0;0;0;0;4;0;0;0;6;0;0;0;256
ufficio;civil (place);5;0;11;19;21;0;16;15;21;9;2;16;9;16;3;7;1;16;39;19;8;18;10;29;31;37;13;23;28;17;30;28;22;11;37;30;22;8;21;31;29;11;46;20;9;21;29;32;9;35;16;28;19;17;35;22;26;63;18;54;68;15;26;86;17;41;7;23;23;34;18;35;46;24;38;40;83;44;23;26;16;31;45;71;15;17;26;24;6;6;22;6;7;171;28;23;19;23;6;32;72;2621
ufficio_postale;public (place);0;0;0;0;0;0;0;0;0;0;0;0;0;0;0;0;0;0;0;0;0;0;0;0;0;2;0;0;0;0;0;1;0;0;1;0;0;0;0;0;0;0;1;1;0;0;0;0;0;1;0;0;1;1;0;0;0;0;0;0;0;0;1;0;1;0;0;1;0;1;0;0;0;1;0;0;0;1;0;0;0;0;3;0;0;0;0;2;0;0;0;0;0;1;0;1;0;0;0;1;0;23
vetreria;industrial (place);0;0;0;0;0;0;0;0;0;0;0;0;0;0;0;0;0;0;0;0;0;0;0;0;0;0;0;0;0;0;0;0;0;0;0;0;0;0;0;0;0;0;0;0;0;0;0;0;1;0;0;0;1;0;0;0;0;0;0;0;0;0;0;0;0;0;0;0;0;0;0;0;6;0;0;0;0;0;6;0;0;0;0;0;1;0;0;0;0;0;0;0;0;0;0;0;0;0;0;1;0;16
villa;civil (place);42;10;27;20;4;5;11;11;22;36;0;13;51;10;9;1;14;3;2;4;1;28;35;7;30;118;39;18;43;17;51;17;52;17;29;11;17;39;25;34;10;42;439;5;27;33;28;105;16;67;29;8;78;30;75;101;74;31;115;67;78;41;48;118;75;35;72;24;12;30;63;99;37;43;28;77;80;40;86;54;85;92;23;130;27;35;34;16;50;41;32;39;23;37;23;24;58;86;29;33;55;4415
villetta;civil (place);3;0;0;0;0;0;1;0;1;1;0;0;0;1;0;0;0;0;0;0;0;0;12;1;1;7;0;0;13;2;1;1;1;0;2;1;0;0;5;3;0;4;12;2;0;9;3;27;0;1;1;0;1;1;0;1;6;3;5;0;6;1;0;0;6;8;2;2;0;0;5;1;1;0;2;7;7;6;0;1;13;3;0;4;0;12;15;3;7;0;1;2;0;1;3;3;8;10;2;2;2;279
villino;civil (place);0;0;0;0;0;0;0;0;0;0;0;0;0;0;0;0;0;0;0;0;0;0;0;0;0;0;0;0;0;0;0;0;0;0;0;0;0;0;0;0;0;0;1;0;0;11;0;0;0;6;6;1;0;1;1;7;1;2;3;0;0;4;1;0;9;7;0;8;0;0;7;35;5;1;6;26;5;1;7;9;22;6;10;24;1;5;0;2;2;4;4;2;0;1;2;0;1;2;0;5;4;268
vivaio;public (place);0;0;0;0;0;0;0;0;0;0;0;0;0;0;1;0;0;0;1;0;0;1;0;0;0;3;0;0;0;2;3;3;0;1;0;1;0;1;0;2;2;0;1;0;0;0;0;0;0;0;0;1;2;0;0;1;0;0;0;0;0;0;1;1;0;2;1;0;0;0;0;0;0;1;0;0;1;1;0;0;0;1;0;0;0;0;1;1;0;2;0;0;0;0;0;0;0;2;2;1;2;46
zincheria;industrial (place);0;0;0;0;0;0;0;0;0;0;0;0;0;0;0;0;1;0;0;0;0;0;0;0;0;0;0;0;0;0;0;0;0;0;0;0;0;0;0;0;0;0;0;0;0;0;0;0;0;0;0;0;0;0;0;0;0;0;0;0;0;0;0;0;0;0;0;0;0;0;0;0;0;0;0;0;0;0;0;0;0;0;0;0;0;0;0;0;0;0;0;0;0;0;0;0;0;0;0;0;0;1
Totale;;1041;338;1239;1248;878;116;1121;1181;2342;1388;385;2046;1543;764;962;530;380;1195;392;643;758;807;630;1335;983;3466;1433;1607;1670;790;1461;1008;1885;1100;2542;1692;1510;1421;1083;1430;1553;1355;2439;1038;1050;2019;1234;1949;857;1416;812;2138;984;1671;1795;2188;1916;1246;1545;2262;1471;1929;1198;2187;1550;1395;1376;1080;1138;1751;1600;2122;1464;1019;1222;1661;1877;1151;1559;1514;1570;1717;1413;1858;1395;905;1040;1157;1227;1093;838;1126;1383;2398;938;1079;1190;1814;519;1143;1437;137314
